row_number,X_id,user,location,image,tag,created,X__v,image1
495,ObjectId(5887f4c1e7e0f20038269e4b),,"[{""type"":""rect"",""geometry"":{""x"":0.36936380481778874,""y"":0.4958371877890842,""width"":0.46324891908585547,""height"":0.27104532839962997},""style"":{}}]",http://localhost:3000/2015/UT23-15D/Daily Photos/UT23-15D_07_07_2015(1).JPG,mummification,2017-01-25T00:43:45.922Z,0,UT23-15D_07_07_2015(1).JPG
496,ObjectId(5887f4d5e7e0f20038269e4c),,"[{""type"":""rect"",""geometry"":{""x"":0.2557134033353922,""y"":0.2821461609620722,""width"":0.4842495367510809,""height"":0.4070305272895467},""style"":{}}]",http://localhost:3000/2015/UT23-15D/Daily Photos/UT23-15D_07_07_2015(2).JPG,mummification,2017-01-25T00:44:05.274Z,0,UT23-15D_07_07_2015(2).JPG
503,ObjectId(5887f59ae7e0f20038269e53),,"[{""type"":""rect"",""geometry"":{""x"":0.2520074119827054,""y"":0.5087881591119334,""width"":0.2124768375540457,""height"":0.1683626271970398},""style"":{}}]",http://localhost:3000/2015/UT23-15D/Daily Photos/UT23-15D_07_06_2015(4).JPG,mummification,2017-01-25T00:47:22.157Z,0,UT23-15D_07_06_2015(4).JPG
503,ObjectId(5887f59ae7e0f20038269e53),,"[{""type"":""rect"",""geometry"":{""x"":0.2520074119827054,""y"":0.5087881591119334,""width"":0.2124768375540457,""height"":0.1683626271970398},""style"":{}}]",http://localhost:3000/2015/UT23-15D/Daily Photos/UT23-15D_07_06_2015(4).JPG,mummification,2017-01-25T00:47:22.157Z,0,UT23-15D_07_06_2015(4).JPG
503,ObjectId(5887f59ae7e0f20038269e53),,"[{""type"":""rect"",""geometry"":{""x"":0.2520074119827054,""y"":0.5087881591119334,""width"":0.2124768375540457,""height"":0.1683626271970398},""style"":{}}]",http://localhost:3000/2015/UT23-15D/Daily Photos/UT23-15D_07_06_2015(4).JPG,mummification,2017-01-25T00:47:22.157Z,0,UT23-15D_07_06_2015(4).JPG
504,ObjectId(5887f5cee7e0f20038269e54),,"[{""type"":""rect"",""geometry"":{""x"":0.31747992588017293,""y"":0.301572617946346,""width"":0.09882643607164916,""height"":0.13506012950971322},""style"":{}}]",http://localhost:3000/2015/UT23-15D/Daily Photos/UT23-15D_07_06_2015(5).JPG,mummification,2017-01-25T00:48:14.019Z,0,UT23-15D_07_06_2015(5).JPG
504,ObjectId(5887f5cee7e0f20038269e54),,"[{""type"":""rect"",""geometry"":{""x"":0.31747992588017293,""y"":0.301572617946346,""width"":0.09882643607164916,""height"":0.13506012950971322},""style"":{}}]",http://localhost:3000/2015/UT23-15D/Daily Photos/UT23-15D_07_06_2015(5).JPG,mummification,2017-01-25T00:48:14.019Z,0,UT23-15D_07_06_2015(5).JPG
507,ObjectId(5887f61fe7e0f20038269e57),,"[{""type"":""rect"",""geometry"":{""x"":0.4237183446571958,""y"":0.12025901942645699,""width"":0.053119209388511425,""height"":0.04070305272895467},""style"":{}}]",http://localhost:3000/2015/UT23-15D/Daily Photos/UT23-15D_07_06_2015(6).JPG,mummification,2017-01-25T00:49:35.059Z,0,UT23-15D_07_06_2015(6).JPG
507,ObjectId(5887f61fe7e0f20038269e57),,"[{""type"":""rect"",""geometry"":{""x"":0.4237183446571958,""y"":0.12025901942645699,""width"":0.053119209388511425,""height"":0.04070305272895467},""style"":{}}]",http://localhost:3000/2015/UT23-15D/Daily Photos/UT23-15D_07_06_2015(6).JPG,mummification,2017-01-25T00:49:35.059Z,0,UT23-15D_07_06_2015(6).JPG
507,ObjectId(5887f61fe7e0f20038269e57),,"[{""type"":""rect"",""geometry"":{""x"":0.4237183446571958,""y"":0.12025901942645699,""width"":0.053119209388511425,""height"":0.04070305272895467},""style"":{}}]",http://localhost:3000/2015/UT23-15D/Daily Photos/UT23-15D_07_06_2015(6).JPG,mummification,2017-01-25T00:49:35.059Z,0,UT23-15D_07_06_2015(6).JPG
507,ObjectId(5887f61fe7e0f20038269e57),,"[{""type"":""rect"",""geometry"":{""x"":0.4237183446571958,""y"":0.12025901942645699,""width"":0.053119209388511425,""height"":0.04070305272895467},""style"":{}}]",http://localhost:3000/2015/UT23-15D/Daily Photos/UT23-15D_07_06_2015(6).JPG,mummification,2017-01-25T00:49:35.059Z,0,UT23-15D_07_06_2015(6).JPG
508,ObjectId(5887f654e7e0f20038269e58),,"[{""type"":""rect"",""geometry"":{""x"":0.3458925262507721,""y"":0.3422756706753006,""width"":0.28289067325509576,""height"":0.20999074930619796},""style"":{}}]",http://localhost:3000/2015/UT23-15D/Daily Photos/UT23-15D_07_06_2015(7).JPG,mummification,2017-01-25T00:50:28.833Z,0,UT23-15D_07_06_2015(7).JPG
508,ObjectId(5887f654e7e0f20038269e58),,"[{""type"":""rect"",""geometry"":{""x"":0.3458925262507721,""y"":0.3422756706753006,""width"":0.28289067325509576,""height"":0.20999074930619796},""style"":{}}]",http://localhost:3000/2015/UT23-15D/Daily Photos/UT23-15D_07_06_2015(7).JPG,mummification,2017-01-25T00:50:28.833Z,0,UT23-15D_07_06_2015(7).JPG
508,ObjectId(5887f654e7e0f20038269e58),,"[{""type"":""rect"",""geometry"":{""x"":0.3458925262507721,""y"":0.3422756706753006,""width"":0.28289067325509576,""height"":0.20999074930619796},""style"":{}}]",http://localhost:3000/2015/UT23-15D/Daily Photos/UT23-15D_07_06_2015(7).JPG,mummification,2017-01-25T00:50:28.833Z,0,UT23-15D_07_06_2015(7).JPG
508,ObjectId(5887f654e7e0f20038269e58),,"[{""type"":""rect"",""geometry"":{""x"":0.3458925262507721,""y"":0.3422756706753006,""width"":0.28289067325509576,""height"":0.20999074930619796},""style"":{}}]",http://localhost:3000/2015/UT23-15D/Daily Photos/UT23-15D_07_06_2015(7).JPG,mummification,2017-01-25T00:50:28.833Z,0,UT23-15D_07_06_2015(7).JPG
509,ObjectId(5887f692e7e0f20038269e59),,"[{""type"":""rect"",""geometry"":{""x"":0.30265596046942556,""y"":0.482886216466235,""width"":0.6615194564546016,""height"":0.19056429232192415},""style"":{}}]",http://localhost:3000/2015/UT23-15D/Daily Photos/UT23-15D_07_06_2015(8).JPG,mummification,2017-01-25T00:51:30.460Z,0,UT23-15D_07_06_2015(8).JPG
509,ObjectId(5887f692e7e0f20038269e59),,"[{""type"":""rect"",""geometry"":{""x"":0.30265596046942556,""y"":0.482886216466235,""width"":0.6615194564546016,""height"":0.19056429232192415},""style"":{}}]",http://localhost:3000/2015/UT23-15D/Daily Photos/UT23-15D_07_06_2015(8).JPG,mummification,2017-01-25T00:51:30.460Z,0,UT23-15D_07_06_2015(8).JPG
509,ObjectId(5887f692e7e0f20038269e59),,"[{""type"":""rect"",""geometry"":{""x"":0.30265596046942556,""y"":0.482886216466235,""width"":0.6615194564546016,""height"":0.19056429232192415},""style"":{}}]",http://localhost:3000/2015/UT23-15D/Daily Photos/UT23-15D_07_06_2015(8).JPG,mummification,2017-01-25T00:51:30.460Z,0,UT23-15D_07_06_2015(8).JPG
509,ObjectId(5887f692e7e0f20038269e59),,"[{""type"":""rect"",""geometry"":{""x"":0.30265596046942556,""y"":0.482886216466235,""width"":0.6615194564546016,""height"":0.19056429232192415},""style"":{}}]",http://localhost:3000/2015/UT23-15D/Daily Photos/UT23-15D_07_06_2015(8).JPG,mummification,2017-01-25T00:51:30.460Z,0,UT23-15D_07_06_2015(8).JPG
510,ObjectId(5887f6fae7e0f20038269e5a),,"[{""type"":""rect"",""geometry"":{""x"":0.4410129709697344,""y"":0.5041628122109159,""width"":0.38789376158122296,""height"":0.211840888066605},""style"":{}}]",http://localhost:3000/2015/UT23-15D/Daily Photos/UT23-15D_07_06_2015(9).JPG,mummification,2017-01-25T00:53:14.513Z,0,UT23-15D_07_06_2015(9).JPG
510,ObjectId(5887f6fae7e0f20038269e5a),,"[{""type"":""rect"",""geometry"":{""x"":0.4410129709697344,""y"":0.5041628122109159,""width"":0.38789376158122296,""height"":0.211840888066605},""style"":{}}]",http://localhost:3000/2015/UT23-15D/Daily Photos/UT23-15D_07_06_2015(9).JPG,mummification,2017-01-25T00:53:14.513Z,0,UT23-15D_07_06_2015(9).JPG
510,ObjectId(5887f6fae7e0f20038269e5a),,"[{""type"":""rect"",""geometry"":{""x"":0.4410129709697344,""y"":0.5041628122109159,""width"":0.38789376158122296,""height"":0.211840888066605},""style"":{}}]",http://localhost:3000/2015/UT23-15D/Daily Photos/UT23-15D_07_06_2015(9).JPG,mummification,2017-01-25T00:53:14.513Z,0,UT23-15D_07_06_2015(9).JPG
512,ObjectId(5887f728e7e0f20038269e5c),,"[{""type"":""rect"",""geometry"":{""x"":0.09944410129709698,""y"":0.3940795559666975,""width"":0.04138357010500309,""height"":0.17298797409805736},""style"":{}}]",http://localhost:3000/2015/UT23-15D/Daily Photos/UT23-15D_07_07_2015(10).JPG,mummification,2017-01-25T00:54:00.975Z,0,UT23-15D_07_07_2015(10).JPG
514,ObjectId(5887f761e7e0f20038269e5e),,"[{""type"":""rect"",""geometry"":{""x"":0.2618900555898703,""y"":0.4199814986123959,""width"":0.27733168622606547,""height"":0.35522664199814985},""style"":{}}]",http://localhost:3000/2015/UT23-15D/Daily Photos/UT23-15D_07_07_2015(12).JPG,mummification,2017-01-25T00:54:57.864Z,0,UT23-15D_07_07_2015(12).JPG
514,ObjectId(5887f761e7e0f20038269e5e),,"[{""type"":""rect"",""geometry"":{""x"":0.2618900555898703,""y"":0.4199814986123959,""width"":0.27733168622606547,""height"":0.35522664199814985},""style"":{}}]",http://localhost:3000/2015/UT23-15D/Daily Photos/UT23-15D_07_07_2015(12).JPG,mummification,2017-01-25T00:54:57.864Z,0,UT23-15D_07_07_2015(12).JPG
514,ObjectId(5887f761e7e0f20038269e5e),,"[{""type"":""rect"",""geometry"":{""x"":0.2618900555898703,""y"":0.4199814986123959,""width"":0.27733168622606547,""height"":0.35522664199814985},""style"":{}}]",http://localhost:3000/2015/UT23-15D/Daily Photos/UT23-15D_07_07_2015(12).JPG,mummification,2017-01-25T00:54:57.864Z,0,UT23-15D_07_07_2015(12).JPG
518,ObjectId(5887f7dde7e0f20038269e62),,"[{""type"":""rect"",""geometry"":{""x"":0.3458925262507721,""y"":0.4162812210915819,""width"":0.19641754169240272,""height"":0.16651248843663274},""style"":{}}]",http://localhost:3000/2015/UT23-15D/Daily Photos/UT23-15D_07_07_2015(16).JPG,mummification,2017-01-25T00:57:01.262Z,0,UT23-15D_07_07_2015(16).JPG
518,ObjectId(5887f7dde7e0f20038269e62),,"[{""type"":""rect"",""geometry"":{""x"":0.3458925262507721,""y"":0.4162812210915819,""width"":0.19641754169240272,""height"":0.16651248843663274},""style"":{}}]",http://localhost:3000/2015/UT23-15D/Daily Photos/UT23-15D_07_07_2015(16).JPG,mummification,2017-01-25T00:57:01.262Z,0,UT23-15D_07_07_2015(16).JPG
520,ObjectId(5887f80de7e0f20038269e64),,"[{""type"":""rect"",""geometry"":{""x"":0.4428659666460778,""y"":0.29417206290471787,""width"":0.0846201358863496,""height"":0.07215541165587419},""style"":{}}]",http://localhost:3000/2015/UT23-15D/Daily Photos/UT23-15D_07_07_2015(18).JPG,mummification,2017-01-25T00:57:49.438Z,0,UT23-15D_07_07_2015(18).JPG
520,ObjectId(5887f80de7e0f20038269e64),,"[{""type"":""rect"",""geometry"":{""x"":0.4428659666460778,""y"":0.29417206290471787,""width"":0.0846201358863496,""height"":0.07215541165587419},""style"":{}}]",http://localhost:3000/2015/UT23-15D/Daily Photos/UT23-15D_07_07_2015(18).JPG,mummification,2017-01-25T00:57:49.438Z,0,UT23-15D_07_07_2015(18).JPG
520,ObjectId(5887f80de7e0f20038269e64),,"[{""type"":""rect"",""geometry"":{""x"":0.4428659666460778,""y"":0.29417206290471787,""width"":0.0846201358863496,""height"":0.07215541165587419},""style"":{}}]",http://localhost:3000/2015/UT23-15D/Daily Photos/UT23-15D_07_07_2015(18).JPG,mummification,2017-01-25T00:57:49.438Z,0,UT23-15D_07_07_2015(18).JPG
520,ObjectId(5887f80de7e0f20038269e64),,"[{""type"":""rect"",""geometry"":{""x"":0.4428659666460778,""y"":0.29417206290471787,""width"":0.0846201358863496,""height"":0.07215541165587419},""style"":{}}]",http://localhost:3000/2015/UT23-15D/Daily Photos/UT23-15D_07_07_2015(18).JPG,mummification,2017-01-25T00:57:49.438Z,0,UT23-15D_07_07_2015(18).JPG
527,ObjectId(5887f954e7e0f20038269e6b),,"[{""type"":""rect"",""geometry"":{""x"":0.07164916615194565,""y"":0.4551341350601295,""width"":0.0753551575046325,""height"":0.06845513413506013},""style"":{}}]",http://localhost:3000/2015/UT23-15D/Daily Photos/UT23-15D_07_06_2015(11).JPG,mummification,2017-01-25T01:03:16.587Z,0,UT23-15D_07_06_2015(11).JPG
548,ObjectId(5887fd49e7e0f20038269e80),,"[{""type"":""rect"",""geometry"":{""x"":0.19147621988882027,""y"":0.16651248843663274,""width"":0.44224830142063004,""height"":0.6271970397779834},""style"":{}}]",http://localhost:3000/2015/UT23-15D/Daily Photos/UT23-15D_07_06_2015(23).JPG,mummification,2017-01-25T01:20:09.172Z,0,UT23-15D_07_06_2015(23).JPG
548,ObjectId(5887fd49e7e0f20038269e80),,"[{""type"":""rect"",""geometry"":{""x"":0.19147621988882027,""y"":0.16651248843663274,""width"":0.44224830142063004,""height"":0.6271970397779834},""style"":{}}]",http://localhost:3000/2015/UT23-15D/Daily Photos/UT23-15D_07_06_2015(23).JPG,mummification,2017-01-25T01:20:09.172Z,0,UT23-15D_07_06_2015(23).JPG
551,ObjectId(5887fd74e7e0f20038269e83),,"[{""type"":""rect"",""geometry"":{""x"":0.7498455836936381,""y"":0.7631822386679001,""width"":0.05867819641754169,""height"":0.0841813135985199},""style"":{}}]",http://localhost:3000/2015/UT23-15D/Daily Photos/UT23-15D_07_06_2015(24).JPG,mummification,2017-01-25T01:20:52.510Z,0,UT23-15D_07_06_2015(24).JPG
576,ObjectId(58880096e7e0f20038269e9c),,"[{""type"":""rect"",""geometry"":{""x"":0.13218035824583077,""y"":0.42923219241443106,""width"":0.08832612723903645,""height"":0.05272895467160037},""style"":{}}]",http://localhost:3000/2015/UT23-15D/Daily Photos/UT23-15D_07_07_2015(5).JPG,mummification,2017-01-25T01:34:14.057Z,0,UT23-15D_07_07_2015(5).JPG
579,ObjectId(588800cee7e0f20038269e9f),,"[{""type"":""rect"",""geometry"":{""x"":0.410129709697344,""y"":0.23496762257169287,""width"":0.07720815318097592,""height"":0.09990749306197964},""style"":{}}]",http://localhost:3000/2015/UT23-15D/Daily Photos/UT23-15D_07_07_2015(4).JPG,mummification,2017-01-25T01:35:10.123Z,0,UT23-15D_07_07_2015(4).JPG
584,ObjectId(58880157e7e0f20038269ea4),,"[{""type"":""rect"",""geometry"":{""x"":0.576899320568252,""y"":0.2238667900092507,""width"":0.13835701050030882,""height"":0.0666049953746531},""style"":{}}]",http://localhost:3000/2015/UT23-15D/Daily Photos/UT23-15D_07_07_2015(29).JPG,mummification,2017-01-25T01:37:27.290Z,0,UT23-15D_07_07_2015(29).JPG
588,ObjectId(588801a1e7e0f20038269ea8),,"[{""type"":""rect"",""geometry"":{""x"":0.4873378628783199,""y"":0.4199814986123959,""width"":0.08338480543545398,""height"":0.058279370952821465},""style"":{}}]",http://localhost:3000/2015/UT23-15D/Daily Photos/UT23-15D_07_07_2015(32).JPG,mummification,2017-01-25T01:38:41.059Z,0,UT23-15D_07_07_2015(32).JPG
593,ObjectId(588801e5e7e0f20038269ead),,"[{""type"":""rect"",""geometry"":{""x"":0.34342186534898084,""y"":0.2969472710453284,""width"":0.07720815318097592,""height"":0.09528214616096208},""style"":{}}]",http://localhost:3000/2015/UT23-15D/Daily Photos/UT23-15D_07_07_2015(33).JPG,mummification,2017-01-25T01:39:49.398Z,0,UT23-15D_07_07_2015(33).JPG
601,ObjectId(58880468e7e0f20038269eb5),,"[{""type"":""rect"",""geometry"":{""x"":0.37677578752316243,""y"":0.28451492537313433,""width"":0.07350216182828907,""height"":0.07555970149253731},""style"":{}}]",http://localhost:3000/2015/UT72-15D/Daily Photos/UT72-15D_04_22_2016(4).JPG,mummification,2017-01-25T01:50:32.290Z,0,UT72-15D_04_22_2016(4).JPG
602,ObjectId(58880499e7e0f20038269eb6),,"[{""type"":""rect"",""geometry"":{""x"":0.5120444718962323,""y"":0.5895522388059702,""width"":0.13341568869672638,""height"":0.19962686567164178},""style"":{}}]",http://localhost:3000/2015/UT72-15D/Daily Photos/UT72-15D_04_22_2016(5).JPG,mummification,2017-01-25T01:51:21.020Z,0,UT72-15D_04_22_2016(5).JPG
1501,ObjectId(58d176abe7e0f2003826a239),,"[{""type"":""rect"",""geometry"":{""x"":0.36461850101282917,""y"":0.33804238143289606,""width"":0.08912896691424713,""height"":0.07366296670030273},""style"":{}}]",http://localhost:3000/2014/UT67-14D/Daily Photos/UT67-14D_11_08_2014(7).JPG,mummification,2017-03-21T18:53:31.721Z,0,UT67-14D_11_08_2014(7).JPG
1508,ObjectId(58d177e6e7e0f2003826a240),,"[{""type"":""rect"",""geometry"":{""x"":0.5266711681296421,""y"":0.16851664984863773,""width"":0.07629979743416611,""height"":0.04238143289606458},""style"":{}}]",http://localhost:3000/2014/UT67-14D/Daily Photos/UT67-14D_11_08_2014(9).JPG,mummification,2017-03-21T18:58:46.176Z,0,UT67-14D_11_08_2014(9).JPG
1512,ObjectId(58d17a4ce7e0f2003826a244),,"[{""type"":""rect"",""geometry"":{""x"":0.4274139095205942,""y"":0.384460141271443,""width"":0.07224848075624578,""height"":0.08274470232088799},""style"":{}}]",http://localhost:3000/2014/UT67-14D/Daily Photos/UT67-14D_11_09_2014(13).JPG,mummification,2017-03-21T19:09:00.815Z,0,UT67-14D_11_09_2014(13).JPG
1515,ObjectId(58d17a84e7e0f2003826a247),,"[{""type"":""rect"",""geometry"":{""x"":0.40783254557731263,""y"":0.5005045408678103,""width"":0.062120189061444966,""height"":0.08577194752774975},""style"":{}}]",http://localhost:3000/2014/UT67-14D/Daily Photos/UT67-14D_11_09_2014(14).JPG,mummification,2017-03-21T19:09:56.266Z,0,UT67-14D_11_09_2014(14).JPG
1528,ObjectId(58d18102e7e0f2003826a254),,"[{""type"":""rect"",""geometry"":{""x"":0.14314652261985145,""y"":0.05348133198789102,""width"":0.06279540850776502,""height"":0.04641775983854692},""style"":{}}]",http://localhost:3000/2014/UT67-14D/Daily Photos/UT67-14D_11_08_2014(11).JPG,mummification,2017-03-21T19:37:38.351Z,0,UT67-14D_11_08_2014(11).JPG
1536,ObjectId(58d18232e7e0f2003826a25c),,"[{""type"":""rect"",""geometry"":{""x"":0.3889264010803511,""y"":0.5055499495459133,""width"":0.042538825118163405,""height"":0.03834510595358224},""style"":{}}]",http://localhost:3000/2014/UT67-14D/Daily Photos/UT67-14D_11_08_2014(13).JPG,mummification,2017-03-21T19:42:42.091Z,0,UT67-14D_11_08_2014(13).JPG
1541,ObjectId(58d1885de7e0f2003826a261),,"[{""type"":""rect"",""geometry"":{""x"":0.588116137744767,""y"":0.19071644803229063,""width"":0.07157326130992572,""height"":0.11200807265388496},""style"":{}}]",http://localhost:3000/2014/UT67-14D/Daily Photos/UT67-14D_11_08_2014(17).JPG,mummification,2017-03-21T20:09:01.197Z,0,UT67-14D_11_08_2014(17).JPG
1573,ObjectId(58d18e58e7e0f2003826a281),,"[{""type"":""rect"",""geometry"":{""x"":0.299797434166104,""y"":0.7790110998990918,""width"":0.06684672518568535,""height"":0.04137235116044399},""style"":{}}]",http://localhost:3000/2014/UT67-14D/Daily Photos/UT67-14D_11_08_2014(35).JPG,mummification,2017-03-21T20:34:32.091Z,0,UT67-14D_11_08_2014(35).JPG
1577,ObjectId(58d190cfe7e0f2003826a285),,"[{""type"":""rect"",""geometry"":{""x"":0.48683322079675895,""y"":0.46417759838546924,""width"":0.25523295070898044,""height"":0.15640766902119072},""style"":{}}]",http://localhost:3000/2014/UT67-14D/Daily Photos/UT67-14D_11_08_2014(37).JPG,mummification,2017-03-21T20:45:03.352Z,0,UT67-14D_11_08_2014(37).JPG
1582,ObjectId(58d191b8e7e0f2003826a28a),,"[{""type"":""rect"",""geometry"":{""x"":0.25455773126266035,""y"":0.36730575176589303,""width"":0.2586090479405807,""height"":0.10494450050454086},""style"":{}}]",http://localhost:3000/2014/UT67-14D/Daily Photos/UT67-14D_11_08_2014(40).JPG,mummification,2017-03-21T20:48:56.442Z,0,UT67-14D_11_08_2014(40).JPG
1586,ObjectId(58d19289e7e0f2003826a28e),,"[{""type"":""rect"",""geometry"":{""x"":0.5698852126941256,""y"":0.7588294651866802,""width"":0.1350438892640108,""height"":0.11301715438950555},""style"":{}}]",http://localhost:3000/2014/UT67-14D/Daily Photos/UT67-14D_11_08_2014(43).JPG,mummification,2017-03-21T20:52:25.260Z,0,UT67-14D_11_08_2014(43).JPG
1590,ObjectId(58d192e0e7e0f2003826a292),,"[{""type"":""rect"",""geometry"":{""x"":0.4395678595543552,""y"":0.4722502522704339,""width"":0.4037812288993923,""height"":0.20484359233097882},""style"":{}}]",http://localhost:3000/2014/UT67-14D/Daily Photos/UT67-14D_11_08_2014(47).JPG,mummification,2017-03-21T20:53:52.796Z,0,UT67-14D_11_08_2014(47).JPG
1594,ObjectId(58d19330e7e0f2003826a296),,"[{""type"":""rect"",""geometry"":{""x"":0.4132343011478731,""y"":0.4066599394550959,""width"":0.2646860229574612,""height"":0.1574167507568113},""style"":{}}]",http://localhost:3000/2014/UT67-14D/Daily Photos/UT67-14D_11_08_2014(49).JPG,mummification,2017-03-21T20:55:12.154Z,0,UT67-14D_11_08_2014(49).JPG
1598,ObjectId(58d19442e7e0f2003826a29a),,"[{""type"":""rect"",""geometry"":{""x"":0.2862930452397029,""y"":0.5257315842583249,""width"":0.18028359216745443,""height"":0.15136226034308778},""style"":{}}]",http://localhost:3000/2014/UT67-14D/Daily Photos/UT67-14D_11_08_2014(51).JPG,mummification,2017-03-21T20:59:46.168Z,0,UT67-14D_11_08_2014(51).JPG
1601,ObjectId(58d1946be7e0f2003826a29d),,"[{""type"":""rect"",""geometry"":{""x"":0.074949358541526,""y"":0.4934409687184662,""width"":0.04591492234976367,""height"":0.014127144298688193},""style"":{}}]",http://localhost:3000/2014/UT67-14D/Daily Photos/UT67-14D_11_08_2014(53).JPG,mummification,2017-03-21T21:00:27.619Z,0,UT67-14D_11_08_2014(53).JPG
1603,ObjectId(58d194a1e7e0f2003826a29f),,"[{""type"":""rect"",""geometry"":{""x"":0.04388926401080351,""y"":0.47527749747729564,""width"":0.08237677245104659,""height"":0.045408678102926335},""style"":{}}]",http://localhost:3000/2014/UT67-14D/Daily Photos/UT67-14D_11_08_2014(54).JPG,mummification,2017-03-21T21:01:21.158Z,0,UT67-14D_11_08_2014(54).JPG
1604,ObjectId(58d195a6e7e0f2003826a2a0),,"[{""type"":""rect"",""geometry"":{""x"":0.6779203241053342,""y"":0.21392532795156408,""width"":0.11613774476704929,""height"":0.25731584258324924},""style"":{}}]",http://localhost:3000/2014/UT67-14D/Daily Photos/UT67-14D_11_08_2014(55).JPG,mummification,2017-03-21T21:05:42.549Z,0,UT67-14D_11_08_2014(55).JPG
1608,ObjectId(58d195e1e7e0f2003826a2a4),,"[{""type"":""rect"",""geometry"":{""x"":0.2950708980418636,""y"":0.39253279515640765,""width"":0.6556380823767725,""height"":0.3874873864783047},""style"":{}}]",http://localhost:3000/2014/UT67-14D/Daily Photos/UT67-14D_11_08_2014(57).JPG,mummification,2017-03-21T21:06:41.690Z,0,UT67-14D_11_08_2014(57).JPG
1612,ObjectId(58d196ece7e0f2003826a2a8),,"[{""type"":""rect"",""geometry"":{""x"":0.05739365293720459,""y"":0.4046417759838547,""width"":0.2451046590141796,""height"":0.2260343087790111},""style"":{}}]",http://localhost:3000/2014/UT67-14D/Daily Photos/UT67-14D_11_08_2014(60).JPG,mummification,2017-03-21T21:11:08.803Z,0,UT67-14D_11_08_2014(60).JPG
1615,ObjectId(58d1976ae7e0f2003826a2ab),,"[{""type"":""rect"",""geometry"":{""x"":0.05739365293720459,""y"":0.035317860746720484,""width"":0.3234301147873059,""height"":0.3602421796165489},""style"":{}}]",http://localhost:3000/2014/UT67-14D/Daily Photos/UT67-14D_11_08_2014(68).JPG,mummification,2017-03-21T21:13:14.763Z,0,UT67-14D_11_08_2014(68).JPG
1616,ObjectId(58d1978ae7e0f2003826a2ac),,"[{""type"":""rect"",""geometry"":{""x"":0.3328831870357866,""y"":0.0958627648839556,""width"":0.4152599594868332,""height"":0.3350151362260343},""style"":{}}]",http://localhost:3000/2014/UT67-14D/Daily Photos/UT67-14D_11_08_2014(69).JPG,mummification,2017-03-21T21:13:46.730Z,0,UT67-14D_11_08_2014(69).JPG
1617,ObjectId(58d19794e7e0f2003826a2ad),,"[{""type"":""rect"",""geometry"":{""x"":0.08710330857528698,""y"":0.29061553985872857,""width"":0.17960837272113436,""height"":0.45610494450050454},""style"":{}}]",http://localhost:3000/2014/UT67-14D/Daily Photos/UT67-14D_11_08_2014(69).JPG,mummification,2017-03-21T21:13:56.769Z,0,UT67-14D_11_08_2014(69).JPG
1621,ObjectId(58d197dee7e0f2003826a2b1),,"[{""type"":""rect"",""geometry"":{""x"":0.12153950033760973,""y"":0.4530776992936428,""width"":0.14787305874409182,""height"":0.2805247225025227},""style"":{}}]",http://localhost:3000/2014/UT67-14D/Daily Photos/UT67-14D_11_08_2014(72).JPG,mummification,2017-03-21T21:15:10.728Z,0,UT67-14D_11_08_2014(72).JPG
1622,ObjectId(58d197e9e7e0f2003826a2b2),,"[{""type"":""rect"",""geometry"":{""x"":0.4402430790006752,""y"":0.2532795156407669,""width"":0.13977042538825118,""height"":0.19374369323915236},""style"":{}}]",http://localhost:3000/2014/UT67-14D/Daily Photos/UT67-14D_11_08_2014(72).JPG,mummification,2017-03-21T21:15:21.610Z,0,UT67-14D_11_08_2014(72).JPG
1637,ObjectId(58d19d44e7e0f2003826a2c1),,"[{""type"":""rect"",""geometry"":{""x"":0.44767049291019584,""y"":0.48335015136226034,""width"":0.14584740040513167,""height"":0.04843592330978809},""style"":{}}]",http://localhost:3000/2014/UT67-14D/Daily Photos/UT67-14D_11_09_2014(24).JPG,mummification,2017-03-21T21:38:12.217Z,0,UT67-14D_11_09_2014(24).JPG
1649,ObjectId(58d19fc9e7e0f2003826a2cd),,"[{""type"":""rect"",""geometry"":{""x"":0.35178933153274816,""y"":0.3350151362260343,""width"":0.5050641458474004,""height"":0.1856710393541877},""style"":{}}]",http://localhost:3000/2014/UT67-14D/Daily Photos/UT67-14D_11_09_2014(32).JPG,mummification,2017-03-21T21:48:57.320Z,0,UT67-14D_11_09_2014(32).JPG
1655,ObjectId(58d1a037e7e0f2003826a2d3),,"[{""type"":""rect"",""geometry"":{""x"":0.03713706954760297,""y"":0.5610494450050454,""width"":0.2673869007427414,""height"":0.08072653884964683},""style"":{}}]",http://localhost:3000/2014/UT67-14D/Daily Photos/UT67-14D_11_09_2014(34).JPG,mummification,2017-03-21T21:50:47.958Z,0,UT67-14D_11_09_2014(34).JPG
1657,ObjectId(58d1a050e7e0f2003826a2d5),,"[{""type"":""rect"",""geometry"":{""x"":0.4287643484132343,""y"":0.1856710393541877,""width"":0.0925050641458474,""height"":0.09384460141271443},""style"":{}}]",http://localhost:3000/2014/UT67-14D/Daily Photos/UT67-14D_11_09_2014(36).JPG,mummification,2017-03-21T21:51:12.580Z,0,UT67-14D_11_09_2014(36).JPG
1674,ObjectId(58d1a12ee7e0f2003826a2e6),,"[{""type"":""rect"",""geometry"":{""x"":0.4159351789331533,""y"":0.10797174571140263,""width"":0.05671843349088454,""height"":0.07467204843592332},""style"":{}}]",http://localhost:3000/2014/UT67-14D/Daily Photos/UT67-14D_11_09_2014(45).JPG,mummification,2017-03-21T21:54:54.837Z,0,UT67-14D_11_09_2014(45).JPG
1685,ObjectId(58d1a1cee7e0f2003826a2f1),,"[{""type"":""rect"",""geometry"":{""x"":0.31600270087778526,""y"":0.5287588294651867,""width"":0.1485482781904119,""height"":0.055499495459132187},""style"":{}}]",http://localhost:3000/2014/UT67-14D/Daily Photos/UT67-14D_11_09_2014(50).JPG,mummification,2017-03-21T21:57:34.599Z,0,UT67-14D_11_09_2014(50).JPG
1686,ObjectId(58d1a1e4e7e0f2003826a2f2),,"[{""type"":""rect"",""geometry"":{""x"":0.7177582714382175,""y"":0.6024217961654894,""width"":0.275489534098582,""height"":0.11200807265388496},""style"":{}}]",http://localhost:3000/2014/UT67-14D/Daily Photos/UT67-14D_11_09_2014(50).JPG,mummification,2017-03-21T21:57:56.693Z,0,UT67-14D_11_09_2014(50).JPG
1690,ObjectId(58d1a21ce7e0f2003826a2f6),,"[{""type"":""rect"",""geometry"":{""x"":0.08980418636056718,""y"":0.289606458123108,""width"":0.8548278190411884,""height"":0.42785065590312815},""style"":{}}]",http://localhost:3000/2014/UT67-14D/Daily Photos/UT67-14D_11_09_2014(52).JPG,mummification,2017-03-21T21:58:52.886Z,0,UT67-14D_11_09_2014(52).JPG
1699,ObjectId(58d1a2abe7e0f2003826a2ff),,"[{""type"":""rect"",""geometry"":{""x"":0.3288318703578663,""y"":0.4591321897073663,""width"":0.5705604321404456,""height"":0.3491422805247225},""style"":{}}]",http://localhost:3000/2014/UT67-14D/Daily Photos/UT67-14D_11_09_2014(60).JPG,mummification,2017-03-21T22:01:15.724Z,0,UT67-14D_11_09_2014(60).JPG
1703,ObjectId(58d1a2ebe7e0f2003826a303),,"[{""type"":""rect"",""geometry"":{""x"":0.40310600945307223,""y"":0.39959636730575177,""width"":0.588116137744767,""height"":0.4328960645812311},""style"":{}}]",http://localhost:3000/2014/UT67-14D/Daily Photos/UT67-14D_11_09_2014(62).JPG,mummification,2017-03-21T22:02:19.902Z,0,UT67-14D_11_09_2014(62).JPG
1707,ObjectId(58d1a331e7e0f2003826a307),,"[{""type"":""rect"",""geometry"":{""x"":0.1586765698852127,""y"":0.35822401614530774,""width"":0.6981769074949359,""height"":0.2199798183652876},""style"":{}}]",http://localhost:3000/2014/UT67-14D/Daily Photos/UT67-14D_11_09_2014(64).JPG,mummification,2017-03-21T22:03:29.277Z,0,UT67-14D_11_09_2014(64).JPG
1714,ObjectId(58d1a38ae7e0f2003826a30e),,"[{""type"":""rect"",""geometry"":{""x"":0.06482106684672519,""y"":0.44803229061553984,""width"":0.09182984469952735,""height"":0.0615539858728557},""style"":{}}]",http://localhost:3000/2014/UT67-14D/Daily Photos/UT67-14D_11_09_2014(68).JPG,mummification,2017-03-21T22:04:58.485Z,0,UT67-14D_11_09_2014(68).JPG
1716,ObjectId(58d1a3a9e7e0f2003826a310),,"[{""type"":""rect"",""geometry"":{""x"":0.6563133018230926,""y"":0.16851664984863773,""width"":0.17893315327481432,""height"":0.3854692230070636},""style"":{}}]",http://localhost:3000/2014/UT67-14D/Daily Photos/UT67-14D_11_09_2014(70).JPG,mummification,2017-03-21T22:05:29.190Z,0,UT67-14D_11_09_2014(70).JPG
1720,ObjectId(58d1a3d1e7e0f2003826a314),,"[{""type"":""rect"",""geometry"":{""x"":0.40175557056043215,""y"":0.08879919273461151,""width"":0.43889264010803514,""height"":0.15640766902119072},""style"":{}}]",http://localhost:3000/2014/UT67-14D/Daily Photos/UT67-14D_11_09_2014(71).JPG,mummification,2017-03-21T22:06:09.410Z,0,UT67-14D_11_09_2014(71).JPG
1729,ObjectId(58d1a4e2e7e0f2003826a31d),,"[{""type"":""rect"",""geometry"":{""x"":0.40175557056043215,""y"":0.21695257315842584,""width"":0.2714382174206617,""height"":0.1503531786074672},""style"":{}}]",http://localhost:3000/2014/UT67-14D/Daily Photos/UT67-14D_11_09_2014(85).JPG,mummification,2017-03-21T22:10:42.038Z,0,UT67-14D_11_09_2014(85).JPG
1731,ObjectId(58d1a4fce7e0f2003826a31f),,"[{""type"":""rect"",""geometry"":{""x"":0.2734638757596219,""y"":0.4409687184661958,""width"":0.0675219446320054,""height"":0.22401614530776992},""style"":{}}]",http://localhost:3000/2014/UT67-14D/Daily Photos/UT67-14D_11_09_2014(86).JPG,mummification,2017-03-21T22:11:08.310Z,0,UT67-14D_11_09_2014(86).JPG
1736,ObjectId(58d2d271e7e0f2003826a324),,"[{""type"":""rect"",""geometry"":{""x"":0.06144496961512492,""y"":0.3435270132517839,""width"":0.9304523970290345,""height"":0.308868501529052},""style"":{}}]",http://localhost:3000/2015/UT01-15D/Daily Photos/UT01-15D_09_10_2015(3.JPG,mummification,2017-03-22T19:37:21.591Z,0,UT01-15D_09_10_2015(3.JPG
1742,ObjectId(58d2d3a5e7e0f2003826a32a),,"[{""type"":""rect"",""geometry"":{""x"":0.6914247130317354,""y"":0.2038735983690112,""width"":0.13571910871033085,""height"":0.20489296636085627},""style"":{}}]",http://localhost:3000/2015/UT01-15D/Daily Photos/UT01-15D_09_10_2015(5.JPG,mummification,2017-03-22T19:42:29.437Z,0,UT01-15D_09_10_2015(5.JPG
1745,ObjectId(58d2d3d6e7e0f2003826a32d),,"[{""type"":""rect"",""geometry"":{""x"":0.7528696826468603,""y"":0.4108053007135576,""width"":0.06482106684672519,""height"":0.16819571865443425},""style"":{}}]",http://localhost:3000/2015/UT01-15D/Daily Photos/UT01-15D_09_10_2015(7.JPG,mummification,2017-03-22T19:43:18.724Z,0,UT01-15D_09_10_2015(7.JPG
1749,ObjectId(58d2d891e7e0f2003826a331),,"[{""type"":""rect"",""geometry"":{""x"":0.1937879810938555,""y"":0.709480122324159,""width"":0.18163403106009454,""height"":0.07747196738022426},""style"":{}}]",http://localhost:3000/2015/UT01-15D/Daily Photos/UT01-15D_09_10_2015(9.JPG,mummification,2017-03-22T20:03:29.915Z,0,UT01-15D_09_10_2015(9.JPG
1751,ObjectId(58d2d8a9e7e0f2003826a333),,"[{""type"":""rect"",""geometry"":{""x"":0.337609723160027,""y"":0.4332313965341488,""width"":0.07224848075624578,""height"":0.07543323139653414},""style"":{}}]",http://localhost:3000/2015/UT01-15D/Daily Photos/UT01-15D_09_11_2015(10.JPG,mummification,2017-03-22T20:03:53.384Z,0,UT01-15D_09_11_2015(10.JPG
1753,ObjectId(58d2d8d2e7e0f2003826a335),,"[{""type"":""rect"",""geometry"":{""x"":0.5435516542876435,""y"":0.46992864424057085,""width"":0.13166779203241052,""height"":0.07237512742099898},""style"":{}}]",http://localhost:3000/2015/UT01-15D/Daily Photos/UT01-15D_09_11_2015(11.JPG,mummification,2017-03-22T20:04:34.566Z,0,UT01-15D_09_11_2015(11.JPG
1756,ObjectId(58d3230ee7e0f2003826a338),,"[{""type"":""rect"",""geometry"":{""x"":0.4132343011478731,""y"":0.4291539245667686,""width"":0.09655638082376772,""height"":0.0856269113149847},""style"":{}}]",http://localhost:3000/2015/UT01-15D/Daily Photos/UT01-15D_09_10_2015(22.JPG,mummification,2017-03-23T01:21:18.560Z,0,UT01-15D_09_10_2015(22.JPG
1773,ObjectId(58d32b3be7e0f2003826a349),,"[{""type"":""rect"",""geometry"":{""x"":0.8149898717083052,""y"":0.30173292558613657,""width"":0.041188386225523295,""height"":0.045871559633027525},""style"":{}}]",http://localhost:3000/2015/UT01-15D/Daily Photos/UT01-15D_09_10_2015(41.JPG,mummification,2017-03-23T01:56:11.218Z,0,UT01-15D_09_10_2015(41.JPG
1780,ObjectId(58d32ba2e7e0f2003826a350),,"[{""type"":""rect"",""geometry"":{""x"":0.886563133018231,""y"":0.15188583078491336,""width"":0.04321404456448346,""height"":0.039755351681957186},""style"":{}}]",http://localhost:3000/2015/UT01-15D/Daily Photos/UT01-15D_09_10_2015(43.JPG,mummification,2017-03-23T01:57:54.593Z,0,UT01-15D_09_10_2015(43.JPG
1805,ObjectId(58d32ebee7e0f2003826a369),,"[{""type"":""rect"",""geometry"":{""x"":0.5725860904794058,""y"":0.436289500509684,""width"":0.04659014179608373,""height"":0.02854230377166157},""style"":{}}]",http://localhost:3000/2015/UT01-15D/Daily Photos/UT01-15D_09_10_2015(63.JPG,mummification,2017-03-23T02:11:10.062Z,0,UT01-15D_09_10_2015(63.JPG
1809,ObjectId(58d32f36e7e0f2003826a36d),,"[{""type"":""rect"",""geometry"":{""x"":0.25320729237002026,""y"":0.5178389398572885,""width"":0.04388926401080351,""height"":0.0417940876656473},""style"":{}}]",http://localhost:3000/2015/UT01-15D/Daily Photos/UT01-15D_09_10_2015(65.JPG,mummification,2017-03-23T02:13:10.727Z,0,UT01-15D_09_10_2015(65.JPG
1815,ObjectId(58d32f91e7e0f2003826a373),,"[{""type"":""rect"",""geometry"":{""x"":0.1289669142471303,""y"":0.7217125382262997,""width"":0.048615800135043886,""height"":0.07339449541284404},""style"":{}}]",http://localhost:3000/2015/UT01-15D/Daily Photos/UT01-15D_09_10_2015(67.JPG,mummification,2017-03-23T02:14:41.448Z,0,UT01-15D_09_10_2015(67.JPG
1817,ObjectId(58d32fafe7e0f2003826a375),,"[{""type"":""rect"",""geometry"":{""x"":0.6016205266711682,""y"":0.5555555555555556,""width"":0.03241053342336259,""height"":0.06931702344546381},""style"":{}}]",http://localhost:3000/2015/UT01-15D/Daily Photos/UT01-15D_09_10_2015(68.JPG,mummification,2017-03-23T02:15:11.403Z,0,UT01-15D_09_10_2015(68.JPG
1822,ObjectId(58d32fdfe7e0f2003826a37a),,"[{""type"":""rect"",""geometry"":{""x"":0.8048615800135044,""y"":0.3598369011213048,""width"":0.05739365293720459,""height"":0.0163098878695209},""style"":{}}]",http://localhost:3000/2015/UT01-15D/Daily Photos/UT01-15D_09_10_2015(69.JPG,mummification,2017-03-23T02:15:59.423Z,0,UT01-15D_09_10_2015(69.JPG
1824,ObjectId(58d32fffe7e0f2003826a37c),,"[{""type"":""rect"",""geometry"":{""x"":0.7474679270762998,""y"":0.2436289500509684,""width"":0.04186360567184335,""height"":0.034658511722731905},""style"":{}}]",http://localhost:3000/2015/UT01-15D/Daily Photos/UT01-15D_09_10_2015(71.JPG,mummification,2017-03-23T02:16:31.916Z,0,UT01-15D_09_10_2015(71.JPG
4150,ObjectId(59519aea88adf60202493a39),,"[{""type"":""rect"",""geometry"":{""x"":0.018496420047732696,""y"":0.414041404140414,""width"":0.9725536992840096,""height"":0.49054905490549056},""style"":{}}]",http://localhost:3000/2015/UT01-15D/Daily Photos/UT01-15D_01_02_2016(2.JPG,mummification,2017-06-26T23:38:18.488Z,0,UT01-15D_01_02_2016(2.JPG
4157,ObjectId(59519baf88adf60202493a40),,"[{""type"":""rect"",""geometry"":{""x"":0.720763723150358,""y"":0.20882088208820881,""width"":0.20047732696897375,""height"":0.3033303330333033},""style"":{}}]",http://localhost:3000/2015/UT01-15D/Daily Photos/UT01-15D_01_02_2016(4.JPG,mummification,2017-06-26T23:41:35.900Z,0,UT01-15D_01_02_2016(4.JPG
4158,ObjectId(59519c0e88adf60202493a41),,"[{""type"":""rect"",""geometry"":{""x"":0.2714797136038186,""y"":0.3339333933393339,""width"":0.5739856801909308,""height"":0.31413141314131415},""style"":{}}]",http://localhost:3000/2015/UT01-15D/Daily Photos/UT01-15D_01_02_2016(70.JPG,mummification,2017-06-26T23:43:10.266Z,0,UT01-15D_01_02_2016(70.JPG
4756,ObjectId(599641a2b80b6300331ffeb4),,"[{""type"":""rect"",""geometry"":{""x"":0.3705926481620405,""y"":0.22989807474518686,""width"":0.377344336084021,""height"":0.3556058890147225},""style"":{}}]",http://localhost:3000/2015/UT35-15D/Daily Photos/UT35-15D_01_02_2016(10.JPG,mummification,2017-08-18T01:23:46.204Z,0,UT35-15D_01_02_2016(10.JPG
4758,ObjectId(5996432fb80b6300331ffeb6),ObjectId(5984676ae94fb4bc9c04bc64),"[{""type"":""rect"",""geometry"":{""x"":0.3428357089272318,""y"":0.4575311438278596,""width"":0.4163540885221305,""height"":0.2582106455266138},""style"":{}}]",http://localhost:3000/2015/UT35-15D/Daily Photos/UT35-15D_01_02_2016(11.JPG,mummification,2017-08-18T01:30:23.465Z,0,UT35-15D_01_02_2016(11.JPG
4767,ObjectId(599644fcb80b6300331ffebf),ObjectId(5984676ae94fb4bc9c04bc64),"[{""type"":""rect"",""geometry"":{""x"":0.6099024756189048,""y"":0.6477916194790487,""width"":0.3015753938484621,""height"":0.3114382785956965},""style"":{}}]",http://localhost:3000/2015/UT35-15D/Daily Photos/UT35-15D_01_02_2016(17.JPG,mummification,2017-08-18T01:38:04.209Z,0,UT35-15D_01_02_2016(17.JPG
4771,ObjectId(59964600b80b6300331ffec3),ObjectId(5984676ae94fb4bc9c04bc64),"[{""type"":""rect"",""geometry"":{""x"":0.6781695423855963,""y"":0.7180067950169875,""width"":0.2415603900975244,""height"":0.144960362400906},""style"":{}}]",http://localhost:3000/2015/UT35-15D/Daily Photos/UT35-15D_01_02_2016(18.JPG,mummification,2017-08-18T01:42:24.553Z,0,UT35-15D_01_02_2016(18.JPG
4777,ObjectId(59964667b80b6300331ffec9),ObjectId(5984676ae94fb4bc9c04bc64),"[{""type"":""rect"",""geometry"":{""x"":0.23630907726931732,""y"":0.8142695356738392,""width"":0.15078769692423105,""height"":0.159682899207248},""style"":{}}]",http://localhost:3000/2015/UT35-15D/Daily Photos/UT35-15D_01_02_2016(19.JPG,mummification,2017-08-18T01:44:07.050Z,0,UT35-15D_01_02_2016(19.JPG
4778,ObjectId(599646a7b80b6300331ffeca),ObjectId(5984676ae94fb4bc9c04bc64),"[{""type"":""rect"",""geometry"":{""x"":0.6024006001500375,""y"":0.4665911664779162,""width"":0.29632408102025504,""height"":0.1664779161947905},""style"":{}}]",http://localhost:3000/2015/UT35-15D/Daily Photos/UT35-15D_01_02_2016(2.JPG,mummification,2017-08-18T01:45:11.967Z,0,UT35-15D_01_02_2016(2.JPG
4779,ObjectId(599646b4b80b6300331ffecb),ObjectId(5984676ae94fb4bc9c04bc64),"[{""type"":""rect"",""geometry"":{""x"":0.5333833458364591,""y"":0.23103057757644394,""width"":0.30307576894223553,""height"":0.17440543601359004},""style"":{}}]",http://localhost:3000/2015/UT35-15D/Daily Photos/UT35-15D_01_02_2016(2.JPG,mummification,2017-08-18T01:45:24.844Z,0,UT35-15D_01_02_2016(2.JPG
4780,ObjectId(599646c1b80b6300331ffecc),ObjectId(5984676ae94fb4bc9c04bc64),"[{""type"":""rect"",""geometry"":{""x"":0.3675918979744936,""y"":0.43714609286523215,""width"":0.21980495123780946,""height"":0.17667044167610418},""style"":{}}]",http://localhost:3000/2015/UT35-15D/Daily Photos/UT35-15D_01_02_2016(2.JPG,mummification,2017-08-18T01:45:37.919Z,0,UT35-15D_01_02_2016(2.JPG
4783,ObjectId(5996471fb80b6300331ffecf),ObjectId(5984676ae94fb4bc9c04bc64),"[{""type"":""rect"",""geometry"":{""x"":0.3600900225056264,""y"":0.6806342015855039,""width"":0.2003000750187547,""height"":0.06681766704416761},""style"":{}}]",http://localhost:3000/2015/UT35-15D/Daily Photos/UT35-15D_01_02_2016(2.JPG,mummification,2017-08-18T01:47:11.511Z,0,UT35-15D_01_02_2016(2.JPG
4787,ObjectId(599647dfb80b6300331ffed3),ObjectId(5984676ae94fb4bc9c04bc64),"[{""type"":""rect"",""geometry"":{""x"":0.16354088522130533,""y"":0.766704416761042,""width"":0.1837959489872468,""height"":0.15402038505096263},""style"":{}}]",http://localhost:3000/2015/UT35-15D/Daily Photos/UT35-15D_01_02_2016(20.JPG,mummification,2017-08-18T01:50:23.470Z,0,UT35-15D_01_02_2016(20.JPG
4791,ObjectId(59964829b80b6300331ffed7),ObjectId(5984676ae94fb4bc9c04bc64),"[{""type"":""rect"",""geometry"":{""x"":0.708927231807952,""y"":0.8425821064552661,""width"":0.2355588897224306,""height"":0.0622876557191393},""style"":{}}]",http://localhost:3000/2015/UT35-15D/Daily Photos/UT35-15D_01_02_2016(21.JPG,mummification,2017-08-18T01:51:37.961Z,0,UT35-15D_01_02_2016(21.JPG
4799,ObjectId(599648c1b80b6300331ffedf),ObjectId(5984676ae94fb4bc9c04bc64),"[{""type"":""rect"",""geometry"":{""x"":0.7561890472618155,""y"":0.7734994337485843,""width"":0.2355588897224306,""height"":0.20045300113250283},""style"":{}}]",http://localhost:3000/2015/UT35-15D/Daily Photos/UT35-15D_01_02_2016(22.JPG,mummification,2017-08-18T01:54:09.892Z,0,UT35-15D_01_02_2016(22.JPG
4801,ObjectId(59964908b80b6300331ffee1),ObjectId(5984676ae94fb4bc9c04bc64),"[{""type"":""rect"",""geometry"":{""x"":0.12303075768942236,""y"":0.13590033975084936,""width"":0.4051012753188297,""height"":0.14269535673839184},""style"":{}}]",http://localhost:3000/2015/UT35-15D/Daily Photos/UT35-15D_01_02_2016(23.JPG,mummification,2017-08-18T01:55:20.903Z,0,UT35-15D_01_02_2016(23.JPG
4803,ObjectId(59964960b80b6300331ffee3),ObjectId(5984676ae94fb4bc9c04bc64),"[{""type"":""rect"",""geometry"":{""x"":0.11327831957989497,""y"":0.549263873159683,""width"":0.5566391597899475,""height"":0.40770101925254815},""style"":{}}]",http://localhost:3000/2015/UT35-15D/Daily Photos/UT35-15D_01_02_2016(23.JPG,mummification,2017-08-18T01:56:48.784Z,0,UT35-15D_01_02_2016(23.JPG
4805,ObjectId(599b53e9b80b6300331ffee5),ObjectId(5984676ae94fb4bc9c04bc64),"[{""type"":""rect"",""geometry"":{""x"":0.13653413353338334,""y"":0.16761041902604756,""width"":0.14703675918979744,""height"":0.0622876557191393},""style"":{}}]",http://localhost:3000/2015/UT35-15D/Daily Photos/UT35-15D_01_02_2016(24.JPG,mummification,2017-08-21T21:43:05.049Z,0,UT35-15D_01_02_2016(24.JPG
4809,ObjectId(599b5431b80b6300331ffee9),ObjectId(5984676ae94fb4bc9c04bc64),"[{""type"":""rect"",""geometry"":{""x"":0.09752438109527382,""y"":0.6296715741789355,""width"":0.23930982745686422,""height"":0.15288788221970556},""style"":{}}]",http://localhost:3000/2015/UT35-15D/Daily Photos/UT35-15D_01_02_2016(24.JPG,mummification,2017-08-21T21:44:17.253Z,0,UT35-15D_01_02_2016(24.JPG
4812,ObjectId(599b5484b80b6300331ffeec),ObjectId(5984676ae94fb4bc9c04bc64),"[{""type"":""rect"",""geometry"":{""x"":0.39984996249062266,""y"":0.3986409966024915,""width"":0.22955738934733683,""height"":0.08267270668176671},""style"":{}}]",http://localhost:3000/2015/UT35-15D/Daily Photos/UT35-15D_01_02_2016(25.JPG,mummification,2017-08-21T21:45:40.345Z,0,UT35-15D_01_02_2016(25.JPG
4814,ObjectId(599b54a3b80b6300331ffeee),ObjectId(5984676ae94fb4bc9c04bc64),"[{""type"":""rect"",""geometry"":{""x"":0.002250562640660165,""y"":0.27633069082672707,""width"":0.12303075768942236,""height"":0.10758776896942242},""style"":{}}]",http://localhost:3000/2015/UT35-15D/Daily Photos/UT35-15D_01_02_2016(25.JPG,mummification,2017-08-21T21:46:11.029Z,0,UT35-15D_01_02_2016(25.JPG
4815,ObjectId(599b5568b80b6300331ffeef),ObjectId(5984676ae94fb4bc9c04bc64),"[{""type"":""rect"",""geometry"":{""x"":0.3675918979744936,""y"":0.434881087202718,""width"":0.3488372093023256,""height"":0.07021517553793885},""style"":{}}]",http://localhost:3000/2015/UT35-15D/Daily Photos/UT35-15D_01_02_2016(26.JPG,mummification,2017-08-21T21:49:28.686Z,0,UT35-15D_01_02_2016(26.JPG
4819,ObjectId(599b5712b80b6300331ffef3),ObjectId(5984676ae94fb4bc9c04bc64),"[{""type"":""rect"",""geometry"":{""x"":0.08177044261065267,""y"":0.31370328425821065,""width"":0.23105776444111029,""height"":0.16194790486976218},""style"":{}}]",http://localhost:3000/2015/UT35-15D/Daily Photos/UT35-15D_01_02_2016(27.JPG,mummification,2017-08-21T21:56:34.849Z,0,UT35-15D_01_02_2016(27.JPG
4822,ObjectId(599b57d5b80b6300331ffef6),ObjectId(5984676ae94fb4bc9c04bc64),"[{""type"":""rect"",""geometry"":{""x"":0.0345086271567892,""y"":0.2865232163080408,""width"":0.26556639159789946,""height"":0.20838052095130238},""style"":{}}]",http://localhost:3000/2015/UT35-15D/Daily Photos/UT35-15D_01_02_2016(28.JPG,mummification,2017-08-21T21:59:49.178Z,0,UT35-15D_01_02_2016(28.JPG
4827,ObjectId(599b585ab80b6300331ffefb),ObjectId(5984676ae94fb4bc9c04bc64),"[{""type"":""rect"",""geometry"":{""x"":0.18979744936234058,""y"":0.007927519818799546,""width"":0.12228057014253563,""height"":0.07927519818799547},""style"":{}}]",http://localhost:3000/2015/UT35-15D/Daily Photos/UT35-15D_01_02_2016(29.JPG,mummification,2017-08-21T22:02:02.555Z,0,UT35-15D_01_02_2016(29.JPG
4829,ObjectId(599b5929b80b6300331ffefd),ObjectId(5984676ae94fb4bc9c04bc64),"[{""type"":""rect"",""geometry"":{""x"":0.5093773443360841,""y"":0.22423556058890148,""width"":0.1005251312828207,""height"":0.07361268403171008},""style"":{}}]",http://localhost:3000/2015/UT35-15D/Daily Photos/UT35-15D_01_02_2016(3.JPG,mummification,2017-08-21T22:05:29.546Z,0,UT35-15D_01_02_2016(3.JPG
4830,ObjectId(599b5934b80b6300331ffefe),ObjectId(5984676ae94fb4bc9c04bc64),"[{""type"":""rect"",""geometry"":{""x"":0.5528882220555139,""y"":0.4813137032842582,""width"":0.12678169542385595,""height"":0.10192525481313704},""style"":{}}]",http://localhost:3000/2015/UT35-15D/Daily Photos/UT35-15D_01_02_2016(3.JPG,mummification,2017-08-21T22:05:40.368Z,0,UT35-15D_01_02_2016(3.JPG
4831,ObjectId(599b593db80b6300331ffeff),ObjectId(5984676ae94fb4bc9c04bc64),"[{""type"":""rect"",""geometry"":{""x"":0.3390847711927982,""y"":0.4960362400906002,""width"":0.11927981995498875,""height"":0.07134767836919592},""style"":{}}]",http://localhost:3000/2015/UT35-15D/Daily Photos/UT35-15D_01_02_2016(3.JPG,mummification,2017-08-21T22:05:49.175Z,0,UT35-15D_01_02_2016(3.JPG
4832,ObjectId(599b594cb80b6300331fff00),ObjectId(5984676ae94fb4bc9c04bc64),"[{""type"":""rect"",""geometry"":{""x"":0.29632408102025504,""y"":0.6964892412231031,""width"":0.15003750937734434,""height"":0.04303510758776897},""style"":{}}]",http://localhost:3000/2015/UT35-15D/Daily Photos/UT35-15D_01_02_2016(3.JPG,mummification,2017-08-21T22:06:04.638Z,0,UT35-15D_01_02_2016(3.JPG
4835,ObjectId(599b5b78b80b6300331fff03),ObjectId(5984676ae94fb4bc9c04bc64),"[{""type"":""rect"",""geometry"":{""x"":0.26406601650412603,""y"":0.21177802944507362,""width"":0.39234808702175544,""height"":0.29898074745186864},""style"":{}}]",http://localhost:3000/2015/UT35-15D/Daily Photos/UT35-15D_01_02_2016(31.JPG,mummification,2017-08-21T22:15:20.535Z,0,UT35-15D_01_02_2016(31.JPG
4836,ObjectId(599b5ba1b80b6300331fff04),ObjectId(5984676ae94fb4bc9c04bc64),"[{""type"":""rect"",""geometry"":{""x"":0.1942985746436609,""y"":0.2480181200453001,""width"":0.5288822205551388,""height"":0.3001132502831257},""style"":{}}]",http://localhost:3000/2015/UT35-15D/Daily Photos/UT35-15D_01_02_2016(32.JPG,mummification,2017-08-21T22:16:01.290Z,0,UT35-15D_01_02_2016(32.JPG
4837,ObjectId(599b5c18b80b6300331fff05),ObjectId(5984676ae94fb4bc9c04bc64),"[{""type"":""rect"",""geometry"":{""x"":0.08627156789197299,""y"":0.3929784824462061,""width"":0.36459114778694673,""height"":0.16308040770101925},""style"":{}}]",http://localhost:3000/2015/UT35-15D/Daily Photos/UT35-15D_01_02_2016(33.JPG,mummification,2017-08-21T22:18:00.266Z,0,UT35-15D_01_02_2016(33.JPG
4839,ObjectId(599b5c97b80b6300331fff07),ObjectId(5984676ae94fb4bc9c04bc64),"[{""type"":""rect"",""geometry"":{""x"":0.12228057014253563,""y"":0.39977349943374857,""width"":0.42010502625656415,""height"":0.14949037372593432},""style"":{}}]",http://localhost:3000/2015/UT35-15D/Daily Photos/UT35-15D_01_02_2016(34.JPG,mummification,2017-08-21T22:20:07.951Z,0,UT35-15D_01_02_2016(34.JPG
4841,ObjectId(599b5daab80b6300331fff09),ObjectId(5984676ae94fb4bc9c04bc64),"[{""type"":""rect"",""geometry"":{""x"":0.32333083270817703,""y"":0.3941109852774632,""width"":0.3428357089272318,""height"":0.1404303510758777},""style"":{}}]",http://localhost:3000/2015/UT35-15D/Daily Photos/UT35-15D_01_02_2016(35.JPG,mummification,2017-08-21T22:24:42.519Z,0,UT35-15D_01_02_2016(35.JPG
4844,ObjectId(599b5dfdb80b6300331fff0c),ObjectId(5984676ae94fb4bc9c04bc64),"[{""type"":""rect"",""geometry"":{""x"":0.2678169542385596,""y"":0.4099660249150623,""width"":0.33158289572393096,""height"":0.09626274065685164},""style"":{}}]",http://localhost:3000/2015/UT35-15D/Daily Photos/UT35-15D_01_02_2016(36.JPG,mummification,2017-08-21T22:26:05.987Z,0,UT35-15D_01_02_2016(36.JPG
4850,ObjectId(599b5efab80b6300331fff12),ObjectId(5984676ae94fb4bc9c04bc64),"[{""type"":""rect"",""geometry"":{""x"":0.6331582895723931,""y"":0.36013590033975085,""width"":0.1282820705176294,""height"":0.1755379388448471},""style"":{}}]",http://localhost:3000/2015/UT35-15D/Daily Photos/UT35-15D_01_02_2016(37.JPG,mummification,2017-08-21T22:30:18.598Z,0,UT35-15D_01_02_2016(37.JPG
4851,ObjectId(599b5f06b80b6300331fff13),ObjectId(5984676ae94fb4bc9c04bc64),"[{""type"":""rect"",""geometry"":{""x"":0.4283570892723181,""y"":0.24575311438278596,""width"":0.11552888222055514,""height"":0.16534541336353342},""style"":{}}]",http://localhost:3000/2015/UT35-15D/Daily Photos/UT35-15D_01_02_2016(37.JPG,mummification,2017-08-21T22:30:30.890Z,0,UT35-15D_01_02_2016(37.JPG
4852,ObjectId(599b5f18b80b6300331fff14),ObjectId(5984676ae94fb4bc9c04bc64),"[{""type"":""rect"",""geometry"":{""x"":0.2955738934733683,""y"":0.5617214043035108,""width"":0.2348087021755439,""height"":0.12231030577576443},""style"":{}}]",http://localhost:3000/2015/UT35-15D/Daily Photos/UT35-15D_01_02_2016(37.JPG,mummification,2017-08-21T22:30:48.048Z,0,UT35-15D_01_02_2016(37.JPG
4856,ObjectId(599b5f99b80b6300331fff18),ObjectId(5984676ae94fb4bc9c04bc64),"[{""type"":""rect"",""geometry"":{""x"":0.5468867216804201,""y"":0.3827859569648924,""width"":0.16804201050262565,""height"":0.15288788221970556},""style"":{}}]",http://localhost:3000/2015/UT35-15D/Daily Photos/UT35-15D_01_02_2016(38.JPG,mummification,2017-08-21T22:32:57.261Z,0,UT35-15D_01_02_2016(38.JPG
4857,ObjectId(599b5fa6b80b6300331fff19),ObjectId(5984676ae94fb4bc9c04bc64),"[{""type"":""rect"",""geometry"":{""x"":0.2753188297074269,""y"":0.6047565118912798,""width"":0.18454613653413354,""height"":0.10305775764439411},""style"":{}}]",http://localhost:3000/2015/UT35-15D/Daily Photos/UT35-15D_01_02_2016(38.JPG,mummification,2017-08-21T22:33:10.944Z,0,UT35-15D_01_02_2016(38.JPG
4858,ObjectId(599b5fb3b80b6300331fff1a),ObjectId(5984676ae94fb4bc9c04bc64),"[{""type"":""rect"",""geometry"":{""x"":0.4028507126781695,""y"":0.29331823329558326,""width"":0.08927231807951988,""height"":0.1143827859569649},""style"":{}}]",http://localhost:3000/2015/UT35-15D/Daily Photos/UT35-15D_01_02_2016(38.JPG,mummification,2017-08-21T22:33:23.299Z,0,UT35-15D_01_02_2016(38.JPG
4861,ObjectId(599b6044b80b6300331fff1d),ObjectId(5984676ae94fb4bc9c04bc64),"[{""type"":""rect"",""geometry"":{""x"":0.6556639159789948,""y"":0.19479048697621745,""width"":0.16054013503375844,""height"":0.15741789354473387},""style"":{}}]",http://localhost:3000/2015/UT35-15D/Daily Photos/UT35-15D_01_02_2016(39.JPG,mummification,2017-08-21T22:35:48.908Z,0,UT35-15D_01_02_2016(39.JPG
4864,ObjectId(599f501ab80b6300331fff20),,"[{""type"":""rect"",""geometry"":{""x"":0.25731432858214554,""y"":0.2536806342015855,""width"":0.3435858964741185,""height"":0.24122310305775765},""style"":{}}]",http://localhost:3000/2015/UT35-15D/Daily Photos/UT35-15D_01_02_2016(4.JPG,mummification,2017-08-24T22:15:54.208Z,0,UT35-15D_01_02_2016(4.JPG
4868,ObjectId(599f5054b80b6300331fff24),,"[{""type"":""rect"",""geometry"":{""x"":0.7156789197299325,""y"":0.08267270668176671,""width"":0.12003000750187547,""height"":0.053227633069082674},""style"":{}}]",http://localhost:3000/2015/UT35-15D/Daily Photos/UT35-15D_01_02_2016(4.JPG,mummification,2017-08-24T22:16:52.370Z,0,UT35-15D_01_02_2016(4.JPG
4869,ObjectId(599f5062b80b6300331fff25),,"[{""type"":""rect"",""geometry"":{""x"":0.7479369842460615,""y"":0.580973952434881,""width"":0.1447861965491373,""height"":0.09739524348810873},""style"":{}}]",http://localhost:3000/2015/UT35-15D/Daily Photos/UT35-15D_01_02_2016(4.JPG,mummification,2017-08-24T22:17:06.681Z,0,UT35-15D_01_02_2016(4.JPG
4870,ObjectId(599f5110b80b6300331fff26),ObjectId(5984676ae94fb4bc9c04bc64),"[{""type"":""rect"",""geometry"":{""x"":0.23405851462865718,""y"":0.14156285390713477,""width"":0.14928732183045762,""height"":0.14835787089467722},""style"":{}}]",http://localhost:3000/2015/UT35-15D/Daily Photos/UT35-15D_01_02_2016(40.JPG,mummification,2017-08-24T22:20:00.693Z,0,UT35-15D_01_02_2016(40.JPG
4871,ObjectId(599f511ab80b6300331fff27),ObjectId(5984676ae94fb4bc9c04bc64),"[{""type"":""rect"",""geometry"":{""x"":0.4088522130532633,""y"":0.1291053227633069,""width"":0.27906976744186046,""height"":0.0464326160815402},""style"":{}}]",http://localhost:3000/2015/UT35-15D/Daily Photos/UT35-15D_01_02_2016(40.JPG,mummification,2017-08-24T22:20:10.759Z,0,UT35-15D_01_02_2016(40.JPG
4874,ObjectId(599f51b4b80b6300331fff2a),ObjectId(5984676ae94fb4bc9c04bc64),"[{""type"":""rect"",""geometry"":{""x"":0.4831207801950488,""y"":0.766704416761042,""width"":0.29632408102025504,""height"":0.12684031710079274},""style"":{}}]",http://localhost:3000/2015/UT35-15D/Daily Photos/UT35-15D_01_02_2016(40.JPG,mummification,2017-08-24T22:22:44.467Z,0,UT35-15D_01_02_2016(40.JPG
4879,ObjectId(599f526db80b6300331fff2f),ObjectId(5984676ae94fb4bc9c04bc64),"[{""type"":""rect"",""geometry"":{""x"":0.17329332333083272,""y"":0.3431483578708947,""width"":0.3480870217554389,""height"":0.19252548131370328},""style"":{}}]",http://localhost:3000/2015/UT35-15D/Daily Photos/UT35-15D_01_02_2016(41.JPG,mummification,2017-08-24T22:25:49.635Z,0,UT35-15D_01_02_2016(41.JPG
4882,ObjectId(599f52f3b80b6300331fff32),ObjectId(5984676ae94fb4bc9c04bc64),"[{""type"":""rect"",""geometry"":{""x"":0.159039759939985,""y"":0.3103057757644394,""width"":0.4913728432108027,""height"":0.33861834654586637},""style"":{}}]",http://localhost:3000/2015/UT35-15D/Daily Photos/UT35-15D_01_02_2016(42.JPG,mummification,2017-08-24T22:28:03.154Z,0,UT35-15D_01_02_2016(42.JPG
4888,ObjectId(599f5394b80b6300331fff38),ObjectId(5984676ae94fb4bc9c04bc64),"[{""type"":""rect"",""geometry"":{""x"":0.02700675168792198,""y"":0.8561721404303511,""width"":0.08777194298574643,""height"":0.06681766704416761},""style"":{}}]",http://localhost:3000/2015/UT35-15D/Daily Photos/UT35-15D_01_02_2016(43.JPG,mummification,2017-08-24T22:30:44.059Z,0,UT35-15D_01_02_2016(43.JPG
4893,ObjectId(599f541ab80b6300331fff3d),ObjectId(5984676ae94fb4bc9c04bc64),"[{""type"":""rect"",""geometry"":{""x"":0.0172543135783946,""y"":0.8323895809739524,""width"":0.14103525881470366,""height"":0.1291053227633069},""style"":{}}]",http://localhost:3000/2015/UT35-15D/Daily Photos/UT35-15D_01_02_2016(44.JPG,mummification,2017-08-24T22:32:58.554Z,0,UT35-15D_01_02_2016(44.JPG
4895,ObjectId(599f54a1b80b6300331fff3f),ObjectId(5984676ae94fb4bc9c04bc64),"[{""type"":""rect"",""geometry"":{""x"":0.5333833458364591,""y"":0.46206115515288787,""width"":0.2738184546136534,""height"":0.12797281993204984},""style"":{}}]",http://localhost:3000/2015/UT35-15D/Daily Photos/UT35-15D_01_02_2016(45.JPG,mummification,2017-08-24T22:35:13.420Z,0,UT35-15D_01_02_2016(45.JPG
4896,ObjectId(599f552cb80b6300331fff40),ObjectId(5984676ae94fb4bc9c04bc64),"[{""type"":""rect"",""geometry"":{""x"":0.3675918979744936,""y"":0.4733861834654587,""width"":0.3915978994748687,""height"":0.09399773499433749},""style"":{}}]",http://localhost:3000/2015/UT35-15D/Daily Photos/UT35-15D_01_02_2016(46.JPG,mummification,2017-08-24T22:37:32.105Z,0,UT35-15D_01_02_2016(46.JPG
4898,ObjectId(599f5546b80b6300331fff42),ObjectId(5984676ae94fb4bc9c04bc64),"[{""type"":""rect"",""geometry"":{""x"":0.17179294823705926,""y"":0.912797281993205,""width"":0.22355588897224307,""height"":0.04756511891279728},""style"":{}}]",http://localhost:3000/2015/UT35-15D/Daily Photos/UT35-15D_01_02_2016(46.JPG,mummification,2017-08-24T22:37:58.787Z,0,UT35-15D_01_02_2016(46.JPG
4899,ObjectId(599f5571b80b6300331fff43),ObjectId(5984676ae94fb4bc9c04bc64),"[{""type"":""rect"",""geometry"":{""x"":0.31957989497374345,""y"":0.4654586636466591,""width"":0.32558139534883723,""height"":0.11664779161947905},""style"":{}}]",http://localhost:3000/2015/UT35-15D/Daily Photos/UT35-15D_01_02_2016(47.JPG,mummification,2017-08-24T22:38:41.093Z,0,UT35-15D_01_02_2016(47.JPG
4901,ObjectId(599f5588b80b6300331fff45),ObjectId(5984676ae94fb4bc9c04bc64),"[{""type"":""rect"",""geometry"":{""x"":0.4358589647411853,""y"":0.8618346545866364,""width"":0.19204801200300076,""height"":0.07134767836919592},""style"":{}}]",http://localhost:3000/2015/UT35-15D/Daily Photos/UT35-15D_01_02_2016(47.JPG,mummification,2017-08-24T22:39:04.254Z,0,UT35-15D_01_02_2016(47.JPG
4902,ObjectId(599f55ceb80b6300331fff46),ObjectId(5984676ae94fb4bc9c04bc64),"[{""type"":""rect"",""geometry"":{""x"":0.29257314328582146,""y"":0.41336353340883353,""width"":0.3090772693173293,""height"":0.15175537938844846},""style"":{}}]",http://localhost:3000/2015/UT35-15D/Daily Photos/UT35-15D_01_02_2016(48.JPG,mummification,2017-08-24T22:40:14.204Z,0,UT35-15D_01_02_2016(48.JPG
4903,ObjectId(599f55d7b80b6300331fff47),ObjectId(5984676ae94fb4bc9c04bc64),"[{""type"":""rect"",""geometry"":{""x"":0.4223555888972243,""y"":0.8221970554926388,""width"":0.32558139534883723,""height"":0.09626274065685164},""style"":{}}]",http://localhost:3000/2015/UT35-15D/Daily Photos/UT35-15D_01_02_2016(48.JPG,mummification,2017-08-24T22:40:23.748Z,0,UT35-15D_01_02_2016(48.JPG
4908,ObjectId(599f56adb80b6300331fff4c),ObjectId(5984676ae94fb4bc9c04bc64),"[{""type"":""rect"",""geometry"":{""x"":0.27231807951987996,""y"":0.2582106455266138,""width"":0.291072768192048,""height"":0.22083805209513024},""style"":{}}]",http://localhost:3000/2015/UT35-15D/Daily Photos/UT35-15D_01_02_2016(5.JPG,mummification,2017-08-24T22:43:57.097Z,0,UT35-15D_01_02_2016(5.JPG
4909,ObjectId(599f56bcb80b6300331fff4d),ObjectId(5984676ae94fb4bc9c04bc64),"[{""type"":""rect"",""geometry"":{""x"":0.722430607651913,""y"":0.10419026047565119,""width"":0.1140285071267817,""height"":0.08380520951302378},""style"":{}}]",http://localhost:3000/2015/UT35-15D/Daily Photos/UT35-15D_01_02_2016(5.JPG,mummification,2017-08-24T22:44:12.706Z,0,UT35-15D_01_02_2016(5.JPG
4911,ObjectId(599f56d2b80b6300331fff4f),ObjectId(5984676ae94fb4bc9c04bc64),"[{""type"":""rect"",""geometry"":{""x"":0.7344336084021005,""y"":0.5481313703284258,""width"":0.16129032258064516,""height"":0.11664779161947905},""style"":{}}]",http://localhost:3000/2015/UT35-15D/Daily Photos/UT35-15D_01_02_2016(5.JPG,mummification,2017-08-24T22:44:34.140Z,0,UT35-15D_01_02_2016(5.JPG
4914,ObjectId(599f5732b80b6300331fff52),ObjectId(5984676ae94fb4bc9c04bc64),"[{""type"":""rect"",""geometry"":{""x"":0.2528132033008252,""y"":0.7587768969422424,""width"":0.2385596399099775,""height"":0.06568516421291053},""style"":{}}]",http://localhost:3000/2015/UT35-15D/Daily Photos/UT35-15D_01_02_2016(5.JPG,mummification,2017-08-24T22:46:10.838Z,0,UT35-15D_01_02_2016(5.JPG
4923,ObjectId(599f5871b80b6300331fff5b),ObjectId(5984676ae94fb4bc9c04bc64),"[{""type"":""rect"",""geometry"":{""x"":0.023255813953488372,""y"":0.052095130237825596,""width"":0.23330832708177043,""height"":0.11891279728199321},""style"":{}}]",http://localhost:3000/2015/UT35-15D/Daily Photos/UT35-15D_01_02_2016(51.JPG,mummification,2017-08-24T22:51:29.164Z,0,UT35-15D_01_02_2016(51.JPG
4927,ObjectId(59a847f1b80b6300331fff5f),ObjectId(5984676ae94fb4bc9c04bc64),"[{""type"":""rect"",""geometry"":{""x"":0.01350337584396099,""y"":0.061155152887882216,""width"":0.21980495123780946,""height"":0.1438278595696489},""style"":{}}]",http://localhost:3000/2015/UT35-15D/Daily Photos/UT35-15D_01_02_2016(52.JPG,mummification,2017-08-31T17:31:29.453Z,0,UT35-15D_01_02_2016(52.JPG
4966,ObjectId(59a84d85b80b6300331fff88),ObjectId(5984676ae94fb4bc9c04bc64),"[{""type"":""rect"",""geometry"":{""x"":0.18604651162790697,""y"":0.03737259343148358,""width"":0.16804201050262565,""height"":0.2570781426953567},""style"":{}}]",http://localhost:3000/2015/UT35-15D/Daily Photos/UT35-15D_01_02_2016(59.JPG,mummification,2017-08-31T17:55:17.133Z,0,UT35-15D_01_02_2016(59.JPG
4968,ObjectId(59a84daab80b6300331fff8a),ObjectId(5984676ae94fb4bc9c04bc64),"[{""type"":""rect"",""geometry"":{""x"":0.6189047261815454,""y"":0.1245753114382786,""width"":0.24606151537884471,""height"":0.11325028312570781},""style"":{}}]",http://localhost:3000/2015/UT35-15D/Daily Photos/UT35-15D_01_02_2016(59.JPG,mummification,2017-08-31T17:55:54.470Z,0,UT35-15D_01_02_2016(59.JPG
4970,ObjectId(59a84dceb80b6300331fff8c),ObjectId(5984676ae94fb4bc9c04bc64),"[{""type"":""rect"",""geometry"":{""x"":0.6376594148537135,""y"":0.3001132502831257,""width"":0.12903225806451613,""height"":0.2627406568516421},""style"":{}}]",http://localhost:3000/2015/UT35-15D/Daily Photos/UT35-15D_01_02_2016(59.JPG,mummification,2017-08-31T17:56:30.454Z,0,UT35-15D_01_02_2016(59.JPG
4974,ObjectId(59a84e20b80b6300331fff91),ObjectId(5984676ae94fb4bc9c04bc64),"[{""type"":""rect"",""geometry"":{""x"":0.023600809170600135,""y"":0.6761710794297352,""width"":0.19959541469993258,""height"":0.14663951120162932},""style"":{}}]",http://localhost:3000/2015/UT35-15D/Daily Photos/UT35-15D_01_02_2016(59.JPG,mummification,2017-08-31T17:57:52.924Z,0,UT35-15D_01_02_2016(59.JPG
4980,ObjectId(59a84ec1b80b6300331fff97),ObjectId(5984676ae94fb4bc9c04bc64),"[{""type"":""rect"",""geometry"":{""x"":0.14362778152393796,""y"":0.032586558044806514,""width"":0.222521915037087,""height"":0.26782077393075354},""style"":{}}]",http://localhost:3000/2015/UT35-15D/Daily Photos/UT35-15D_01_02_2016(60.JPG,mummification,2017-08-31T18:00:33.432Z,0,UT35-15D_01_02_2016(60.JPG
4983,ObjectId(59a85043b80b6300331fff9a),ObjectId(5984676ae94fb4bc9c04bc64),"[{""type"":""rect"",""geometry"":{""x"":0.6331759946055293,""y"":0.33095723014256617,""width"":0.1409305461901551,""height"":0.27189409368635437},""style"":{}}]",http://localhost:3000/2015/UT35-15D/Daily Photos/UT35-15D_01_02_2016(60.JPG,mummification,2017-08-31T18:06:59.424Z,0,UT35-15D_01_02_2016(60.JPG
4985,ObjectId(59a85069b80b6300331fff9c),ObjectId(5984676ae94fb4bc9c04bc64),"[{""type"":""rect"",""geometry"":{""x"":0.571813890761969,""y"":0.11812627291242363,""width"":0.3533378287255563,""height"":0.15173116089613034},""style"":{}}]",http://localhost:3000/2015/UT35-15D/Daily Photos/UT35-15D_01_02_2016(60.JPG,mummification,2017-08-31T18:07:37.029Z,0,UT35-15D_01_02_2016(60.JPG
4986,ObjectId(59a85076b80b6300331fff9d),ObjectId(5984676ae94fb4bc9c04bc64),"[{""type"":""rect"",""geometry"":{""x"":0.10182063385030343,""y"":0.59979633401222,""width"":0.2157788267026298,""height"":0.09063136456211812},""style"":{}}]",http://localhost:3000/2015/UT35-15D/Daily Photos/UT35-15D_01_02_2016(60.JPG,mummification,2017-08-31T18:07:50.669Z,0,UT35-15D_01_02_2016(60.JPG
4991,ObjectId(59a850bdb80b6300331fffa2),ObjectId(5984676ae94fb4bc9c04bc64),"[{""type"":""rect"",""geometry"":{""x"":0.3162508428860418,""y"":0.43686354378818737,""width"":0.4349291975724882,""height"":0.14663951120162932},""style"":{}}]",http://localhost:3000/2015/UT35-15D/Daily Photos/UT35-15D_01_02_2016(61.JPG,mummification,2017-08-31T18:09:01.049Z,0,UT35-15D_01_02_2016(61.JPG
4996,ObjectId(59a850fdb80b6300331fffa7),ObjectId(5984676ae94fb4bc9c04bc64),"[{""type"":""rect"",""geometry"":{""x"":0.31759946055293325,""y"":0.40122199592668023,""width"":0.45043830074173974,""height"":0.17820773930753564},""style"":{}}]",http://localhost:3000/2015/UT35-15D/Daily Photos/UT35-15D_01_02_2016(62.JPG,mummification,2017-08-31T18:10:05.574Z,0,UT35-15D_01_02_2016(62.JPG
5000,ObjectId(59a85141b80b6300331fffab),ObjectId(5984676ae94fb4bc9c04bc64),"[{""type"":""rect"",""geometry"":{""x"":0.3789615643964936,""y"":0.3564154786150713,""width"":0.4942683749157114,""height"":0.26578411405295316},""style"":{}}]",http://localhost:3000/2015/UT35-15D/Daily Photos/UT35-15D_01_02_2016(63.JPG,mummification,2017-08-31T18:11:13.866Z,0,UT35-15D_01_02_2016(63.JPG
5003,ObjectId(59a85247b80b6300331fffae),ObjectId(5984676ae94fb4bc9c04bc64),"[{""type"":""rect"",""geometry"":{""x"":0.3654753877275792,""y"":0.38085539714867617,""width"":0.41537424140256235,""height"":0.25661914460285135},""style"":{}}]",http://localhost:3000/2015/UT35-15D/Daily Photos/UT35-15D_01_02_2016(64.JPG,mummification,2017-08-31T18:15:35.486Z,0,UT35-15D_01_02_2016(64.JPG
5006,ObjectId(59a852bbb80b6300331fffb1),ObjectId(5984676ae94fb4bc9c04bc64),"[{""type"":""rect"",""geometry"":{""x"":0.811193526635199,""y"":0.5936863543788188,""width"":0.1598111935266352,""height"":0.2780040733197556},""style"":{}}]",http://localhost:3000/2015/UT35-15D/Daily Photos/UT35-15D_01_02_2016(65.JPG,mummification,2017-08-31T18:17:31.596Z,0,UT35-15D_01_02_2016(65.JPG
5008,ObjectId(59a852deb80b6300331fffb3),ObjectId(5984676ae94fb4bc9c04bc64),"[{""type"":""rect"",""geometry"":{""x"":0.8105192178017532,""y"":0.5539714867617108,""width"":0.17599460552933244,""height"":0.26272912423625255},""style"":{}}]",http://localhost:3000/2015/UT35-15D/Daily Photos/UT35-15D_01_02_2016(66.JPG,mummification,2017-08-31T18:18:06.932Z,0,UT35-15D_01_02_2016(66.JPG
5009,ObjectId(59a852f9b80b6300331fffb4),ObjectId(5984676ae94fb4bc9c04bc64),"[{""type"":""rect"",""geometry"":{""x"":0.20633850303438975,""y"":0.11405295315682282,""width"":0.5987862440997977,""height"":0.38289205702647655},""style"":{}}]",http://localhost:3000/2015/UT35-15D/Daily Photos/UT35-15D_01_02_2016(67.JPG,mummification,2017-08-31T18:18:33.725Z,0,UT35-15D_01_02_2016(67.JPG
5010,ObjectId(59a8624eb80b6300331fffb5),,"[{""type"":""rect"",""geometry"":{""x"":0.24814565070802427,""y"":0.4093686354378819,""width"":0.550236008091706,""height"":0.1425661914460285},""style"":{}}]",http://localhost:3000/2015/UT35-15D/Daily Photos/UT35-15D_01_02_2016(69.JPG,mummification,2017-08-31T19:23:58.407Z,0,UT35-15D_01_02_2016(69.JPG
5015,ObjectId(59a862b5b80b6300331fffba),,"[{""type"":""rect"",""geometry"":{""x"":0.2670262980445044,""y"":0.4175152749490835,""width"":0.6399190829399866,""height"":0.17515274949083504},""style"":{}}]",http://localhost:3000/2015/UT35-15D/Daily Photos/UT35-15D_01_02_2016(70.JPG,mummification,2017-08-31T19:25:41.461Z,0,UT35-15D_01_02_2016(70.JPG
5019,ObjectId(59a862f7b80b6300331fffbe),,"[{""type"":""rect"",""geometry"":{""x"":0.10182063385030343,""y"":0.34012219959266804,""width"":0.4881995954146999,""height"":0.09164969450101833},""style"":{}}]",http://localhost:3000/2015/UT35-15D/Daily Photos/UT35-15D_01_02_2016(8.JPG,mummification,2017-08-31T19:26:47.362Z,0,UT35-15D_01_02_2016(8.JPG
5021,ObjectId(59a86311b80b6300331fffc0),,"[{""type"":""rect"",""geometry"":{""x"":0.10991233985165205,""y"":0.2494908350305499,""width"":0.5387727579231288,""height"":0.1364562118126273},""style"":{}}]",http://localhost:3000/2015/UT35-15D/Daily Photos/UT35-15D_01_02_2016(9.JPG,mummification,2017-08-31T19:27:13.222Z,0,UT35-15D_01_02_2016(9.JPG
5024,ObjectId(59a86348b80b6300331fffc3),,"[{""type"":""rect"",""geometry"":{""x"":0.31422791638570463,""y"":0.43279022403258655,""width"":0.466621712744437,""height"":0.12830957230142567},""style"":{}}]",http://localhost:3000/2015/UT35-15D/Daily Photos/UT35-15D_01_09_2016(10.JPG,mummification,2017-08-31T19:28:08.037Z,0,UT35-15D_01_09_2016(10.JPG
5032,ObjectId(59a863cbb80b6300331fffcb),,"[{""type"":""rect"",""geometry"":{""x"":0.9278489548213081,""y"":0.20366598778004075,""width"":0.05394470667565745,""height"":0.3971486761710794},""style"":{}}]",http://localhost:3000/2015/UT35-15D/Daily Photos/UT35-15D_01_09_2016(12.JPG,mummification,2017-08-31T19:30:19.204Z,0,UT35-15D_01_09_2016(12.JPG
5034,ObjectId(59a8640bb80b6300331fffcd),ObjectId(5984676ae94fb4bc9c04bc64),"[{""type"":""rect"",""geometry"":{""x"":0.25151719487525287,""y"":0.3696537678207739,""width"":0.4261631827376939,""height"":0.3329938900203666},""style"":{}}]",http://localhost:3000/2015/UT35-15D/Daily Photos/UT35-15D_01_09_2016(13.JPG,mummification,2017-08-31T19:31:23.406Z,0,UT35-15D_01_09_2016(13.JPG
5036,ObjectId(59a86437b80b6300331fffcf),ObjectId(5984676ae94fb4bc9c04bc64),"[{""type"":""rect"",""geometry"":{""x"":0.7660148347943359,""y"":0.395112016293279,""width"":0.17666891436277815,""height"":0.048879837067209775},""style"":{}}]",http://localhost:3000/2015/UT35-15D/Daily Photos/UT35-15D_01_09_2016(13.JPG,mummification,2017-08-31T19:32:07.881Z,0,UT35-15D_01_09_2016(13.JPG
5037,ObjectId(59a8644fb80b6300331fffd0),ObjectId(5984676ae94fb4bc9c04bc64),"[{""type"":""rect"",""geometry"":{""x"":0.23196223870532703,""y"":0.3696537678207739,""width"":0.4578556979096426,""height"":0.2545824847250509},""style"":{}}]",http://localhost:3000/2015/UT35-15D/Daily Photos/UT35-15D_01_09_2016(14.JPG,mummification,2017-08-31T19:32:31.786Z,0,UT35-15D_01_09_2016(14.JPG
5039,ObjectId(59a86464b80b6300331fffd2),ObjectId(5984676ae94fb4bc9c04bc64),"[{""type"":""rect"",""geometry"":{""x"":0.7633175994605529,""y"":0.3788187372708758,""width"":0.21645313553607554,""height"":0.048879837067209775},""style"":{}}]",http://localhost:3000/2015/UT35-15D/Daily Photos/UT35-15D_01_09_2016(14.JPG,mummification,2017-08-31T19:32:52.023Z,0,UT35-15D_01_09_2016(14.JPG
5040,ObjectId(59a8647ab80b6300331fffd3),ObjectId(5984676ae94fb4bc9c04bc64),"[{""type"":""rect"",""geometry"":{""x"":0.17194875252865813,""y"":0.505091649694501,""width"":0.3863789615643965,""height"":0.06822810590631365},""style"":{}}]",http://localhost:3000/2015/UT35-15D/Daily Photos/UT35-15D_01_09_2016(15.JPG,mummification,2017-08-31T19:33:14.068Z,0,UT35-15D_01_09_2016(15.JPG
5043,ObjectId(59a864afb80b6300331fffd6),ObjectId(5984676ae94fb4bc9c04bc64),"[{""type"":""rect"",""geometry"":{""x"":0.18813216453135537,""y"":0.4989816700610998,""width"":0.4045853000674309,""height"":0.07128309572301425},""style"":{}}]",http://localhost:3000/2015/UT35-15D/Daily Photos/UT35-15D_01_09_2016(16.JPG,mummification,2017-08-31T19:34:07.089Z,0,UT35-15D_01_09_2016(16.JPG
5046,ObjectId(59a864feb80b6300331fffd9),ObjectId(5984676ae94fb4bc9c04bc64),"[{""type"":""rect"",""geometry"":{""x"":0.3378287255563048,""y"":0.43380855397148677,""width"":0.366149696561025,""height"":0.09775967413441955},""style"":{}}]",http://localhost:3000/2015/UT35-15D/Daily Photos/UT35-15D_01_09_2016(17.JPG,mummification,2017-08-31T19:35:26.840Z,0,UT35-15D_01_09_2016(17.JPG
5047,ObjectId(59a8650fb80b6300331fffda),ObjectId(5984676ae94fb4bc9c04bc64),"[{""type"":""rect"",""geometry"":{""x"":0.012137559002022926,""y"":0.6720977596741344,""width"":0.23937963587322994,""height"":0.23727087576374745},""style"":{}}]",http://localhost:3000/2015/UT35-15D/Daily Photos/UT35-15D_01_09_2016(17.JPG,mummification,2017-08-31T19:35:43.108Z,0,UT35-15D_01_09_2016(17.JPG
5052,ObjectId(59a86553b80b6300331fffdf),ObjectId(5984676ae94fb4bc9c04bc64),"[{""type"":""rect"",""geometry"":{""x"":0.3600809170600135,""y"":0.4663951120162933,""width"":0.3425488873904248,""height"":0.07433808553971487},""style"":{}}]",http://localhost:3000/2015/UT35-15D/Daily Photos/UT35-15D_01_09_2016(18.JPG,mummification,2017-08-31T19:36:51.230Z,0,UT35-15D_01_09_2016(18.JPG
5053,ObjectId(59a86561b80b6300331fffe0),ObjectId(5984676ae94fb4bc9c04bc64),"[{""type"":""rect"",""geometry"":{""x"":0.04652730950775455,""y"":0.6832993890020367,""width"":0.2231962238705327,""height"":0.22606924643584522},""style"":{}}]",http://localhost:3000/2015/UT35-15D/Daily Photos/UT35-15D_01_09_2016(18.JPG,mummification,2017-08-31T19:37:05.606Z,0,UT35-15D_01_09_2016(18.JPG
5057,ObjectId(59a8659bb80b6300331fffe4),ObjectId(5984676ae94fb4bc9c04bc64),"[{""type"":""rect"",""geometry"":{""x"":0.392447741065408,""y"":0.4154786150712831,""width"":0.36277815239379635,""height"":0.11507128309572301},""style"":{}}]",http://localhost:3000/2015/UT35-15D/Daily Photos/UT35-15D_01_09_2016(19.JPG,mummification,2017-08-31T19:38:03.600Z,0,UT35-15D_01_09_2016(19.JPG
5060,ObjectId(59a865bfb80b6300331fffe7),ObjectId(5984676ae94fb4bc9c04bc64),"[{""type"":""rect"",""geometry"":{""x"":0.42886041807147673,""y"":0.7780040733197556,""width"":0.26230613621038434,""height"":0.20366598778004075},""style"":{}}]",http://localhost:3000/2015/UT35-15D/Daily Photos/UT35-15D_01_09_2016(19.JPG,mummification,2017-08-31T19:38:39.462Z,0,UT35-15D_01_09_2016(19.JPG
5063,ObjectId(59a865f0b80b6300331fffea),ObjectId(5984676ae94fb4bc9c04bc64),"[{""type"":""rect"",""geometry"":{""x"":0.39514497639919083,""y"":0.4419551934826884,""width"":0.31692515171948754,""height"":0.04684317718940937},""style"":{}}]",http://localhost:3000/2015/UT35-15D/Daily Photos/UT35-15D_01_09_2016(20.JPG,mummification,2017-08-31T19:39:28.656Z,0,UT35-15D_01_09_2016(20.JPG
5066,ObjectId(59a8661cb80b6300331fffed),ObjectId(5984676ae94fb4bc9c04bc64),"[{""type"":""rect"",""geometry"":{""x"":0.47808496291301417,""y"":0.7718940936863544,""width"":0.2299393122049899,""height"":0.18533604887983707},""style"":{}}]",http://localhost:3000/2015/UT35-15D/Daily Photos/UT35-15D_01_09_2016(20.JPG,mummification,2017-08-31T19:40:12.851Z,0,UT35-15D_01_09_2016(20.JPG
5069,ObjectId(59a8665ab80b6300331ffff0),ObjectId(5984676ae94fb4bc9c04bc64),"[{""type"":""rect"",""geometry"":{""x"":0.7545515846257586,""y"":0.36863543788187375,""width"":0.20971004720161834,""height"":0.12525458248472504},""style"":{}}]",http://localhost:3000/2015/UT35-15D/Daily Photos/UT35-15D_01_09_2016(21.JPG,mummification,2017-08-31T19:41:14.983Z,0,UT35-15D_01_09_2016(21.JPG
5073,ObjectId(59a8669cb80b6300331ffff4),ObjectId(5984676ae94fb4bc9c04bc64),"[{""type"":""rect"",""geometry"":{""x"":0.708024275118004,""y"":0.41140529531568226,""width"":0.2683749157113958,""height"":0.059063136456211814},""style"":{}}]",http://localhost:3000/2015/UT35-15D/Daily Photos/UT35-15D_01_09_2016(22.JPG,mummification,2017-08-31T19:42:20.177Z,0,UT35-15D_01_09_2016(22.JPG
5076,ObjectId(59a866e5b80b6300331ffff7),ObjectId(5984676ae94fb4bc9c04bc64),"[{""type"":""rect"",""geometry"":{""x"":0.4949426837491571,""y"":0.4460285132382892,""width"":0.40391099123398516,""height"":0.0845213849287169},""style"":{}}]",http://localhost:3000/2015/UT35-15D/Daily Photos/UT35-15D_01_09_2016(23.JPG,mummification,2017-08-31T19:43:33.735Z,0,UT35-15D_01_09_2016(23.JPG
5078,ObjectId(59a86b27b80b6300331ffff9),ObjectId(5984676ae94fb4bc9c04bc64),"[{""type"":""rect"",""geometry"":{""x"":0.5144976399190829,""y"":0.43890020366598775,""width"":0.26298044504383006,""height"":0.109979633401222},""style"":{}}]",http://localhost:3000/2015/UT35-15D/Daily Photos/UT35-15D_01_09_2016(24.JPG,mummification,2017-08-31T20:01:43.124Z,0,UT35-15D_01_09_2016(24.JPG
5081,ObjectId(59a86b5cb80b6300331ffffc),ObjectId(5984676ae94fb4bc9c04bc64),"[{""type"":""rect"",""geometry"":{""x"":0.23735670937289277,""y"":0.4419551934826884,""width"":0.38840188806473364,""height"":0.14358452138492872},""style"":{}}]",http://localhost:3000/2015/UT35-15D/Daily Photos/UT35-15D_01_09_2016(25.JPG,mummification,2017-08-31T20:02:36.209Z,0,UT35-15D_01_09_2016(25.JPG
5085,ObjectId(59a86b81b80b630033200000),ObjectId(5984676ae94fb4bc9c04bc64),"[{""type"":""rect"",""geometry"":{""x"":0.3674983142279164,""y"":0.45723014256619143,""width"":0.2825354012137559,""height"":0.11914460285132383},""style"":{}}]",http://localhost:3000/2015/UT35-15D/Daily Photos/UT35-15D_01_09_2016(26.JPG,mummification,2017-08-31T20:03:13.691Z,0,UT35-15D_01_09_2016(26.JPG
5087,ObjectId(59a86b91b80b630033200002),ObjectId(5984676ae94fb4bc9c04bc64),"[{""type"":""rect"",""geometry"":{""x"":0.5529332434254889,""y"":0.8584521384928717,""width"":0.15104517869184086,""height"":0.09368635437881874},""style"":{}}]",http://localhost:3000/2015/UT35-15D/Daily Photos/UT35-15D_01_09_2016(26.JPG,mummification,2017-08-31T20:03:29.574Z,0,UT35-15D_01_09_2016(26.JPG
5092,ObjectId(59a86c9fb80b630033200007),ObjectId(5984676ae94fb4bc9c04bc64),"[{""type"":""rect"",""geometry"":{""x"":0.020903573836817263,""y"":0.054989816700611,""width"":0.1631827376938638,""height"":0.07230142566191446},""style"":{}}]",http://localhost:3000/2015/UT35-15D/Daily Photos/UT35-15D_01_09_2016(27.JPG,mummification,2017-08-31T20:07:59.760Z,0,UT35-15D_01_09_2016(27.JPG
5097,ObjectId(59a86d5fb80b63003320000c),ObjectId(5984676ae94fb4bc9c04bc64),"[{""type"":""rect"",""geometry"":{""x"":0.022252191503708697,""y"":0.032586558044806514,""width"":0.1638570465273095,""height"":0.07942973523421588},""style"":{}}]",http://localhost:3000/2015/UT35-15D/Daily Photos/UT35-15D_01_09_2016(28.JPG,mummification,2017-08-31T20:11:11.807Z,0,UT35-15D_01_09_2016(28.JPG
5100,ObjectId(59a86da2b80b63003320000f),ObjectId(5984676ae94fb4bc9c04bc64),"[{""type"":""rect"",""geometry"":{""x"":0.024275118004045852,""y"":0.04175152749490835,""width"":0.1861092380310182,""height"":0.11303462321792261},""style"":{}}]",http://localhost:3000/2015/UT35-15D/Daily Photos/UT35-15D_01_09_2016(29.JPG,mummification,2017-08-31T20:12:18.014Z,0,UT35-15D_01_09_2016(29.JPG
5103,ObjectId(59a86de7b80b630033200012),ObjectId(5984676ae94fb4bc9c04bc64),"[{""type"":""rect"",""geometry"":{""x"":0.45853000674308836,""y"":0.3268839103869654,""width"":0.3196223870532704,""height"":0.0824847250509165},""style"":{}}]",http://localhost:3000/2015/UT35-15D/Daily Photos/UT35-15D_01_09_2016(3.JPG,mummification,2017-08-31T20:13:27.930Z,0,UT35-15D_01_09_2016(3.JPG
5104,ObjectId(59a86df6b80b630033200013),ObjectId(5984676ae94fb4bc9c04bc64),"[{""type"":""rect"",""geometry"":{""x"":0.04720161834120027,""y"":0.42668024439918534,""width"":0.43762643290627107,""height"":0.10183299389002037},""style"":{}}]",http://localhost:3000/2015/UT35-15D/Daily Photos/UT35-15D_01_09_2016(3.JPG,mummification,2017-08-31T20:13:42.275Z,0,UT35-15D_01_09_2016(3.JPG
5106,ObjectId(59a86e16b80b630033200015),ObjectId(5984676ae94fb4bc9c04bc64),"[{""type"":""rect"",""geometry"":{""x"":0.36345246122724206,""y"":0.8279022403258656,""width"":0.05529332434254889,""height"":0.07739307535641547},""style"":{}}]",http://localhost:3000/2015/UT35-15D/Daily Photos/UT35-15D_01_09_2016(3.JPG,mummification,2017-08-31T20:14:14.621Z,0,UT35-15D_01_09_2016(3.JPG
5110,ObjectId(59a86e43b80b630033200019),ObjectId(5984676ae94fb4bc9c04bc64),"[{""type"":""rect"",""geometry"":{""x"":0.667565745111261,""y"":0.49490835030549896,""width"":0.04248145650708024,""height"":0.13136456211812628},""style"":{}}]",http://localhost:3000/2015/UT35-15D/Daily Photos/UT35-15D_01_09_2016(3.JPG,mummification,2017-08-31T20:14:59.518Z,0,UT35-15D_01_09_2016(3.JPG
5121,ObjectId(59b19e8eb80b630033200024),ObjectId(5984676ae94fb4bc9c04bc64),"[{""type"":""rect"",""geometry"":{""x"":0.24477410654079568,""y"":0.015274949083503055,""width"":0.375590020229265,""height"":0.29022403258655805},""style"":{}}]",http://localhost:3000/2015/UT35-15D/Daily Photos/UT35-15D_01_09_2016(31.JPG,mummification,2017-09-07T19:31:26.283Z,0,UT35-15D_01_09_2016(31.JPG
5123,ObjectId(59b19ea1b80b630033200026),ObjectId(5984676ae94fb4bc9c04bc64),"[{""type"":""rect"",""geometry"":{""x"":0.023600809170600135,""y"":0.2983706720977597,""width"":0.16925151719487525,""height"":0.06822810590631365},""style"":{}}]",http://localhost:3000/2015/UT35-15D/Daily Photos/UT35-15D_01_09_2016(31.JPG,mummification,2017-09-07T19:31:45.693Z,0,UT35-15D_01_09_2016(31.JPG
5126,ObjectId(59b19fc4b80b630033200029),ObjectId(5984676ae94fb4bc9c04bc64),"[{""type"":""rect"",""geometry"":{""x"":0.24207687120701282,""y"":0.02240325865580448,""width"":0.44099797707349964,""height"":0.2606924643584521},""style"":{}}]",http://localhost:3000/2015/UT35-15D/Daily Photos/UT35-15D_01_09_2016(32.JPG,mummification,2017-09-07T19:36:36.254Z,0,UT35-15D_01_09_2016(32.JPG
5128,ObjectId(59b1a02ab80b63003320002b),ObjectId(5984676ae94fb4bc9c04bc64),"[{""type"":""rect"",""geometry"":{""x"":0.008766014834794335,""y"":0.37169042769857435,""width"":0.10856372218476062,""height"":0.05091649694501019},""style"":{}}]",http://localhost:3000/2015/UT35-15D/Daily Photos/UT35-15D_01_09_2016(32.JPG,mummification,2017-09-07T19:38:18.172Z,0,UT35-15D_01_09_2016(32.JPG
5131,ObjectId(59b1a0b3b80b63003320002e),ObjectId(5984676ae94fb4bc9c04bc64),"[{""type"":""rect"",""geometry"":{""x"":0.10519217801753203,""y"":0.06008146639511202,""width"":0.301416048550236,""height"":0.16395112016293278},""style"":{}}]",http://localhost:3000/2015/UT35-15D/Daily Photos/UT35-15D_01_09_2016(33.JPG,mummification,2017-09-07T19:40:35.400Z,0,UT35-15D_01_09_2016(33.JPG
5137,ObjectId(59b1a126b80b630033200034),ObjectId(5984676ae94fb4bc9c04bc64),"[{""type"":""rect"",""geometry"":{""x"":0.11598111935266352,""y"":0.051934826883910386,""width"":0.24679703304113285,""height"":0.09877800407331976},""style"":{}}]",http://localhost:3000/2015/UT35-15D/Daily Photos/UT35-15D_01_09_2016(34.JPG,mummification,2017-09-07T19:42:30.217Z,0,UT35-15D_01_09_2016(34.JPG
5141,ObjectId(59b1a167b80b630033200038),ObjectId(5984676ae94fb4bc9c04bc64),"[{""type"":""rect"",""geometry"":{""x"":0.6136210384356036,""y"":0.015274949083503055,""width"":0.19082939986513822,""height"":0.10081466395112017},""style"":{}}]",http://localhost:3000/2015/UT35-15D/Daily Photos/UT35-15D_01_09_2016(35.JPG,mummification,2017-09-07T19:43:35.022Z,0,UT35-15D_01_09_2016(35.JPG
5146,ObjectId(59b1a8cdb80b63003320003d),ObjectId(5984676ae94fb4bc9c04bc64),"[{""type"":""rect"",""geometry"":{""x"":0.6594740391099123,""y"":0.023421588594704685,""width"":0.1523937963587323,""height"":0.12219959266802444},""style"":{}}]",http://localhost:3000/2015/UT35-15D/Daily Photos/UT35-15D_01_09_2016(36.JPG,mummification,2017-09-07T20:15:09.128Z,0,UT35-15D_01_09_2016(36.JPG
5147,ObjectId(59b1a8deb80b63003320003e),ObjectId(5984676ae94fb4bc9c04bc64),"[{""type"":""rect"",""geometry"":{""x"":0.019554956169925825,""y"":0.164969450101833,""width"":0.19554956169925827,""height"":0.04480651731160896},""style"":{}}]",http://localhost:3000/2015/UT35-15D/Daily Photos/UT35-15D_01_09_2016(37.JPG,mummification,2017-09-07T20:15:26.406Z,0,UT35-15D_01_09_2016(37.JPG
5151,ObjectId(59b1a8fdb80b630033200042),ObjectId(5984676ae94fb4bc9c04bc64),"[{""type"":""rect"",""geometry"":{""x"":0.6958867161159811,""y"":0.015274949083503055,""width"":0.196223870532704,""height"":0.08044806517311609},""style"":{}}]",http://localhost:3000/2015/UT35-15D/Daily Photos/UT35-15D_01_09_2016(37.JPG,mummification,2017-09-07T20:15:57.045Z,0,UT35-15D_01_09_2016(37.JPG
5153,ObjectId(59b1a918b80b630033200044),ObjectId(5984676ae94fb4bc9c04bc64),"[{""type"":""rect"",""geometry"":{""x"":0.01753202966958867,""y"":0.1415478615071283,""width"":0.24409979770734996,""height"":0.045824847250509164},""style"":{}}]",http://localhost:3000/2015/UT35-15D/Daily Photos/UT35-15D_01_09_2016(38.JPG,mummification,2017-09-07T20:16:24.104Z,0,UT35-15D_01_09_2016(38.JPG
5158,ObjectId(59b1a93eb80b630033200049),ObjectId(5984676ae94fb4bc9c04bc64),"[{""type"":""rect"",""geometry"":{""x"":0.7349966284558328,""y"":0.0560081466395112,""width"":0.21712744436952125,""height"":0.10590631364562118},""style"":{}}]",http://localhost:3000/2015/UT35-15D/Daily Photos/UT35-15D_01_09_2016(38.JPG,mummification,2017-09-07T20:17:02.187Z,0,UT35-15D_01_09_2016(38.JPG
5159,ObjectId(59b1aa6bb80b63003320004a),ObjectId(5984676ae94fb4bc9c04bc64),"[{""type"":""rect"",""geometry"":{""x"":0.2596089008766015,""y"":0.2729124236252546,""width"":0.3944706675657451,""height"":0.3105906313645621},""style"":{}}]",http://localhost:3000/2015/UT35-15D/Daily Photos/UT35-15D_01_09_2016(39.JPG,mummification,2017-09-07T20:22:03.351Z,0,UT35-15D_01_09_2016(39.JPG
5160,ObjectId(59b1aa7cb80b63003320004b),ObjectId(5984676ae94fb4bc9c04bc64),"[{""type"":""rect"",""geometry"":{""x"":0.3985165205664194,""y"":0.019348268839103868,""width"":0.39716790289952797,""height"":0.09877800407331976},""style"":{}}]",http://localhost:3000/2015/UT35-15D/Daily Photos/UT35-15D_01_09_2016(39.JPG,mummification,2017-09-07T20:22:20.328Z,0,UT35-15D_01_09_2016(39.JPG
5161,ObjectId(59b1aa86b80b63003320004c),ObjectId(5984676ae94fb4bc9c04bc64),"[{""type"":""rect"",""geometry"":{""x"":0.014160485502360081,""y"":0.17413441955193482,""width"":0.174645987862441,""height"":0.18635437881873726},""style"":{}}]",http://localhost:3000/2015/UT35-15D/Daily Photos/UT35-15D_01_09_2016(39.JPG,mummification,2017-09-07T20:22:30.795Z,0,UT35-15D_01_09_2016(39.JPG
5165,ObjectId(59b1aacab80b630033200050),ObjectId(5984676ae94fb4bc9c04bc64),"[{""type"":""rect"",""geometry"":{""x"":0.014834794335805798,""y"":0.7973523421588594,""width"":0.15509103169251517,""height"":0.07331975560081466},""style"":{}}]",http://localhost:3000/2015/UT35-15D/Daily Photos/UT35-15D_01_09_2016(39.JPG,mummification,2017-09-07T20:23:38.937Z,0,UT35-15D_01_09_2016(39.JPG
5169,ObjectId(59b1ac05b80b630033200054),ObjectId(5984676ae94fb4bc9c04bc64),"[{""type"":""rect"",""geometry"":{""x"":0.45853000674308836,""y"":0.3004073319755601,""width"":0.32231962238705325,""height"":0.08961303462321792},""style"":{}}]",http://localhost:3000/2015/UT35-15D/Daily Photos/UT35-15D_01_09_2016(4.JPG,mummification,2017-09-07T20:28:53.630Z,0,UT35-15D_01_09_2016(4.JPG
5170,ObjectId(59b1ac0fb80b630033200055),ObjectId(5984676ae94fb4bc9c04bc64),"[{""type"":""rect"",""geometry"":{""x"":0.03641267700606878,""y"":0.390020366598778,""width"":0.44302090357383683,""height"":0.1384928716904277},""style"":{}}]",http://localhost:3000/2015/UT35-15D/Daily Photos/UT35-15D_01_09_2016(4.JPG,mummification,2017-09-07T20:29:03.313Z,0,UT35-15D_01_09_2016(4.JPG
5171,ObjectId(59b1ac1db80b630033200056),ObjectId(5984676ae94fb4bc9c04bc64),"[{""type"":""rect"",""geometry"":{""x"":0.50708024275118,""y"":0.45417515274949083,""width"":0.21847606203641268,""height"":0.1975560081466395},""style"":{}}]",http://localhost:3000/2015/UT35-15D/Daily Photos/UT35-15D_01_09_2016(4.JPG,mummification,2017-09-07T20:29:17.622Z,0,UT35-15D_01_09_2016(4.JPG
5172,ObjectId(59b1ac29b80b630033200057),ObjectId(5984676ae94fb4bc9c04bc64),"[{""type"":""rect"",""geometry"":{""x"":0.2191503708698584,""y"":0.7617107942973523,""width"":0.25556304787592715,""height"":0.12321792260692464},""style"":{}}]",http://localhost:3000/2015/UT35-15D/Daily Photos/UT35-15D_01_09_2016(4.JPG,mummification,2017-09-07T20:29:29.802Z,0,UT35-15D_01_09_2016(4.JPG
5182,ObjectId(59b85364b80b630033200060),ObjectId(5984676ae94fb4bc9c04bc64),"[{""type"":""rect"",""geometry"":{""x"":0.5414699932569117,""y"":0.2830957230142566,""width"":0.13149022252191503,""height"":0.29124236252545826},""style"":{}}]",http://localhost:3000/2015/UT35-15D/Daily Photos/UT35-15D_01_09_2016(40.JPG,mummification,2017-09-12T21:36:36.430Z,0,UT35-15D_01_09_2016(40.JPG
5186,ObjectId(59b853a4b80b630033200064),ObjectId(5984676ae94fb4bc9c04bc64),"[{""type"":""rect"",""geometry"":{""x"":0.049898853674983146,""y"":0.8136456211812627,""width"":0.07552258934592043,""height"":0.10285132382892057},""style"":{}}]",http://localhost:3000/2015/UT35-15D/Daily Photos/UT35-15D_01_09_2016(40.JPG,mummification,2017-09-12T21:37:40.719Z,0,UT35-15D_01_09_2016(40.JPG
5192,ObjectId(59b853f7b80b63003320006a),ObjectId(5984676ae94fb4bc9c04bc64),"[{""type"":""rect"",""geometry"":{""x"":0.3000674308833446,""y"":0.5224032586558045,""width"":0.06945380984490897,""height"":0.1395112016293279},""style"":{}}]",http://localhost:3000/2015/UT35-15D/Daily Photos/UT35-15D_01_09_2016(41.JPG,mummification,2017-09-12T21:39:03.067Z,0,UT35-15D_01_09_2016(41.JPG
5193,ObjectId(59b85411b80b63003320006b),ObjectId(5984676ae94fb4bc9c04bc64),"[{""type"":""rect"",""geometry"":{""x"":0.5603506405933918,""y"":0.2556008146639511,""width"":0.0856372218476062,""height"":0.10488798370672098},""style"":{}}]",http://localhost:3000/2015/UT35-15D/Daily Photos/UT35-15D_01_09_2016(41.JPG,mummification,2017-09-12T21:39:29.386Z,0,UT35-15D_01_09_2016(41.JPG
5195,ObjectId(59b8542bb80b63003320006d),ObjectId(5984676ae94fb4bc9c04bc64),"[{""type"":""rect"",""geometry"":{""x"":0.6547538772757923,""y"":0.6629327902240326,""width"":0.19082939986513822,""height"":0.04378818737270876},""style"":{}}]",http://localhost:3000/2015/UT35-15D/Daily Photos/UT35-15D_01_09_2016(41.JPG,mummification,2017-09-12T21:39:55.921Z,0,UT35-15D_01_09_2016(41.JPG
5197,ObjectId(59b85456b80b63003320006f),ObjectId(5984676ae94fb4bc9c04bc64),"[{""type"":""rect"",""geometry"":{""x"":0.279838165879973,""y"":0.7780040733197556,""width"":0.15441672285906946,""height"":0.06822810590631365},""style"":{}}]",http://localhost:3000/2015/UT35-15D/Daily Photos/UT35-15D_01_09_2016(41.JPG,mummification,2017-09-12T21:40:38.016Z,0,UT35-15D_01_09_2016(41.JPG
5199,ObjectId(59b85483b80b630033200071),ObjectId(5984676ae94fb4bc9c04bc64),"[{""type"":""rect"",""geometry"":{""x"":0.5839514497639919,""y"":0.28411405295315684,""width"":0.14160485502360082,""height"":0.024439918533604887},""style"":{}}]",http://localhost:3000/2015/UT35-15D/Daily Photos/UT35-15D_01_09_2016(42.JPG,mummification,2017-09-12T21:41:23.464Z,0,UT35-15D_01_09_2016(42.JPG
5201,ObjectId(59b85498b80b630033200073),ObjectId(5984676ae94fb4bc9c04bc64),"[{""type"":""rect"",""geometry"":{""x"":0.6601483479433581,""y"":0.7077393075356415,""width"":0.100472016183412,""height"":0.0539714867617108},""style"":{}}]",http://localhost:3000/2015/UT35-15D/Daily Photos/UT35-15D_01_09_2016(42.JPG,mummification,2017-09-12T21:41:44.646Z,0,UT35-15D_01_09_2016(42.JPG
5203,ObjectId(59b854b4b80b630033200075),ObjectId(5984676ae94fb4bc9c04bc64),"[{""type"":""rect"",""geometry"":{""x"":0.2980445043830074,""y"":0.5183299389002036,""width"":0.06945380984490897,""height"":0.13747454175152748},""style"":{}}]",http://localhost:3000/2015/UT35-15D/Daily Photos/UT35-15D_01_09_2016(42.JPG,mummification,2017-09-12T21:42:12.648Z,0,UT35-15D_01_09_2016(42.JPG
5210,ObjectId(59b857f6b80b63003320007c),ObjectId(5984676ae94fb4bc9c04bc64),"[{""type"":""rect"",""geometry"":{""x"":0.2805124747134187,""y"":0.3564154786150713,""width"":0.21847606203641268,""height"":0.37780040733197556},""style"":{}}]",http://localhost:3000/2015/UT35-15D/Daily Photos/UT35-15D_01_09_2016(43.JPG,mummification,2017-09-12T21:56:06.239Z,0,UT35-15D_01_09_2016(43.JPG
5327,ObjectId(5a37ff1a0e2e5e0033251c60),ObjectId(5984676ae94fb4bc9c04bc64),"[{""type"":""rect"",""geometry"":{""x"":0.4866666666666667,""y"":0.4981132075471698,""width"":0.2175,""height"":0.21132075471698114},""style"":{}}]",http://localhost:3000/2015/UT01-15D/Daily Photos/UT01-15D_01_02_2016(12.JPG,mummification,2017-12-18T17:47:06.789Z,0,UT01-15D_01_02_2016(12.JPG
5330,ObjectId(5a37ff870e2e5e0033251c63),ObjectId(5984676ae94fb4bc9c04bc64),"[{""type"":""rect"",""geometry"":{""x"":0.6141666666666666,""y"":0.5245283018867924,""width"":0.11583333333333333,""height"":0.1761006289308176},""style"":{}}]",http://localhost:3000/2015/UT01-15D/Daily Photos/UT01-15D_01_02_2016(3.JPG,mummification,2017-12-18T17:48:55.827Z,0,UT01-15D_01_02_2016(3.JPG
5332,ObjectId(5a37ff9f0e2e5e0033251c65),ObjectId(5984676ae94fb4bc9c04bc64),"[{""type"":""rect"",""geometry"":{""x"":0.18583333333333332,""y"":0.49433962264150944,""width"":0.2816666666666667,""height"":0.1320754716981132},""style"":{}}]",http://localhost:3000/2015/UT01-15D/Daily Photos/UT01-15D_01_02_2016(3.JPG,mummification,2017-12-18T17:49:19.081Z,0,UT01-15D_01_02_2016(3.JPG
5333,ObjectId(5a37ffab0e2e5e0033251c66),ObjectId(5984676ae94fb4bc9c04bc64),"[{""type"":""rect"",""geometry"":{""x"":0.21583333333333332,""y"":0.7748427672955975,""width"":0.2808333333333333,""height"":0.15345911949685534},""style"":{}}]",http://localhost:3000/2015/UT01-15D/Daily Photos/UT01-15D_01_02_2016(3.JPG,mummification,2017-12-18T17:49:31.139Z,0,UT01-15D_01_02_2016(3.JPG
5337,ObjectId(5a3800300e2e5e0033251c6a),ObjectId(5984676ae94fb4bc9c04bc64),"[{""type"":""rect"",""geometry"":{""x"":0.43666666666666665,""y"":0.14465408805031446,""width"":0.24416666666666667,""height"":0.2578616352201258},""style"":{}}]",http://localhost:3000/2015/UT01-15D/Daily Photos/UT01-15D_01_09_2016(53.JPG,mummification,2017-12-18T17:51:44.570Z,0,UT01-15D_01_09_2016(53.JPG
5340,ObjectId(5a3803c80e2e5e0033251c6d),ObjectId(5984676ae94fb4bc9c04bc64),"[{""type"":""rect"",""geometry"":{""x"":0.5716666666666667,""y"":0.3232704402515723,""width"":0.3625,""height"":0.24025157232704403},""style"":{}}]",http://localhost:3000/2015/UT01-15D/Daily Photos/UT01-15D_01_09_2016(4.JPG,mummification,2017-12-18T18:07:04.275Z,0,UT01-15D_01_09_2016(4.JPG
5341,ObjectId(5a3803d40e2e5e0033251c6e),ObjectId(5984676ae94fb4bc9c04bc64),"[{""type"":""rect"",""geometry"":{""x"":0.21833333333333332,""y"":0.4377358490566038,""width"":0.2325,""height"":0.13836477987421383},""style"":{}}]",http://localhost:3000/2015/UT01-15D/Daily Photos/UT01-15D_01_09_2016(4.JPG,mummification,2017-12-18T18:07:16.241Z,0,UT01-15D_01_09_2016(4.JPG
5343,ObjectId(5a3804170e2e5e0033251c71),ObjectId(5984676ae94fb4bc9c04bc64),"[{""type"":""rect"",""geometry"":{""x"":0.5425,""y"":0.1018867924528302,""width"":0.24666666666666667,""height"":0.14339622641509434},""style"":{}}]",http://localhost:3000/2015/UT01-15D/Daily Photos/UT01-15D_01_09_2016(4.JPG,mummification,2017-12-18T18:08:23.482Z,0,UT01-15D_01_09_2016(4.JPG
